Date,Bagalakot,Bangalore,Bellary,Chitradurga,Davangere,Gadag,Hubli (Amaragol),Koppal,Laxmeshwar,Mundaragi,Mysore (Bandipalya),Raichur,Rona,Savanur,Yadgir
1/4/2010,2286,2450,2742,2794,1828,2947,2589,2465,2270,2357,2100,2210,2197,2473,709
1/11/2010,1938,2450,2458,2973,2350,2872,2546,2318,2281,2366,2093,2201,2113,2504,1764
1/18/2010,1951,2450,2639,2765,2386,2895,2492,2350,2204,2306,2086,2319,2228,2396,2457
1/25/2010,1834,2533,2455,2600,2421,2738,2337,2660,2221,2300,2078,2350,2188,2333,2598
2/1/2010,1846,2550,2539,2773,2478,2615,2209,2769,2277,2330,2071,2510,2152,2217,2528
2/8/2010,1849,2550,2336,2603,2536,2510,2256,2644,2183,2269,2064,2434,2447,2154,2521
2/15/2010,1612,2550,2370,2525,1945,2527,2212,2859,2160,2228,2056,2323,2510,2162,2555
2/22/2010,1544,2550,2558,2527,2080,2363,2069,2420,2177,2284,2049,2620,2434,2081,2589
3/1/2010,1813,2550,2709,2415,2214,2500,2119,2500,2149,2390,2042,2810,2250,2116,2689
3/8/2010,1606,2550,2860,2420,2349,2450,1859,2695,2057,2496,2035,2724,2312,2150,2654
3/15/2010,1802,2550,2812,2361,2328,2596,2199,2600,1973,2625,2028,2735,2416,2210,2779
3/22/2010,1833,2550,2950,2501,2528,2884,1940,2640,1886,2838,2020,2763,2665,2270,2778
3/29/2010,1942,3250,2992,2895,2476,2980,2194,2657,2050,2865,2013,3004,2808,2280,2915
4/5/2010,2261,3225,2968,2770,2513,2920,2271,2580,2697,2849,2006,2924,2583,2289,2782
4/12/2010,2291,3250,2947,2717,2549,2932,2340,2680,2550,2807,1998,2808,2255,2349,2782
4/19/2010,2744,3250,2960,2704,2537,2840,2363,2660,2487,2611,1991,2760,2345,2410,2779
4/26/2010,2693,3250,2863,2643,2522,2782,2366,2620,2526,2778,1984,2792,2392,2470,2741
5/3/2010,2574,3250,2901,2573,2496,2715,2350,2477,2384,2596,1977,2678,2214,2530,2499
5/10/2010,2595,3250,2762,2487,2481,2670,2377,2567,2402,2674,1970,2548,2278,2486,2572
5/17/2010,2653,3250,2824,2664,2466,2766,2500,2713,2184,2698,1962,2630,2077,2737,2437
5/24/2010,2762,3250,2746,2850,2458,2773,2511,2670,2550,2656,1955,2813,2198,2676,2084
5/31/2010,2830,3292,2699,2793,2472,2975,2382,2700,2615,2791,1948,2895,2364,2789,2637
6/7/2010,2944,3300,2955,2886,2667,3027,2481,2720,2550,2927,1940,3034,2388,3156,2588
6/14/2010,3056,3480,3054,2929,2776,3240,2789,2846,2508,3124,1933,2868,2290,3201,2903
6/21/2010,3156,3300,2953,2935,3044,3324,2786,2825,2561,3067,1926,2362,2643,3156,2818
6/28/2010,3060,3300,2720,3031,2862,3198,2680,2800,2392,3112,1848,2418,2704,3190,2281
7/5/2010,3052,3300,3008,2624,3059,3290,2792,2740,2301,3121,2070,2244,3020,3193,2583
7/12/2010,3166,3480,2623,2773,3301,3365,2716,2840,2288,3016,2289,1958,2650,3197,2818
7/19/2010,3431,3300,2369,3072,3129,3266,2889,2885,2305,3238,2122,2351,2280,3200,2720
7/26/2010,3661,3350,2708,3420,2925,4040,2980,3430,2529,3683,2036,2702,1910,3203,2621
8/2/2010,3450,3600,3048,3124,2722,4130,3539,3300,2511,3407,1949,2298,1993,3206,2585
8/9/2010,3559,3600,3387,2422,2518,3728,3016,3305,2421,3370,2550,2388,2688,3210,2550
8/16/2010,3020,3680,3444,2523,2616,3520,2859,3400,2384,3643,2475,3011,2705,3213,2514
8/23/2010,2995,3600,3502,2976,2713,3133,2664,3182,1995,2945,2320,2596,2956,3216,2479
8/30/2010,3320,3500,3560,2792,2556,2774,2411,3150,2146,2704,2284,2494,2474,3220,2443
9/6/2010,3212,3540,3617,2746,2400,2844,2664,2849,2000,2150,2249,2428,2719,3223,2408
9/13/2010,1980,3700,3674,2840,2243,3285,2916,3100,2319,2600,2213,2386,2965,3226,2372
9/20/2010,1750,3767,3732,3360,2724,3950,3169,3100,2919,3305,2178,2453,3210,3229,2337
9/27/2010,2101,3800,2872,3012,2790,3983,2680,3100,2696,3351,2142,2145,2656,3233,2301
10/4/2010,1839,3800,3420,3444,2876,3947,3026,2700,2721,3523,1896,2102,2660,3236,2266
10/11/2010,1976,3900,3307,3290,2887,3942,3186,2550,2914,3522,2160,2236,2703,3232,2230
10/18/2010,2277,3900,3549,3109,2913,3878,3164,2325,2965,3247,2424,2354,2798,3222,2875
10/25/2010,1820,3900,3173,2741,2512,3585,3163,2000,2770,2792,2342,2437,2662,2874,1788
11/1/2010,1739,3900,2917,2654,2446,3502,3185,2000,2661,2800,2174,2245,2405,2846,2210
11/8/2010,1810,3400,2930,3000,2501,3445,3142,2100,2642,2976,2277,2326,2610,2889,1820
11/15/2010,1693,3400,2944,3027,2000,3692,3234,2200,2583,3152,2380,2300,2320,2980,1430
11/22/2010,1577,3350,2957,3053,2218,3940,3372,2450,2641,3069,2592,2728,2363,3071,2175
11/29/2010,1460,3300,2971,3080,2437,3952,3511,2350,2698,3198,2658,2445,2405,3162,2108
12/6/2010,1344,3250,2984,3470,2655,3600,3432,2358,2756,3328,3206,2162,2448,3253,2042
12/13/2010,1227,3250,2783,3383,2752,3415,3474,2365,2619,2782,3306,2259,2338,3342,1975
12/20/2010,1984,3250,3144,3440,2490,3520,3334,2025,2689,2692,3349,2292,2150,3309,2211
12/27/2010,2122,3250,3234,3497,3089,3601,3223,2100,2864,2408,3392,2403,2095,3276,2446
1/3/2011,2009,3250,3249,3767,3062,3400,3158,2000,2454,2648,3435,2345,2070,3369,2682
1/10/2011,2670,3583,3004,3380,3036,3125,3152,2475,2662,2870,3478,2634,2560,3461,2918
1/17/2011,3330,3750,2710,3224,3009,2850,2829,2950,2869,3091,3521,2806,3050,3554,3274
1/24/2011,2150,3750,2772,3223,3033,3085,3041,3170,3224,2441,3564,2975,2433,3711,3443
1/31/2011,1957,3750,2820,3300,3056,3242,3042,3420,2659,2349,3607,2930,2450,3048,3358
2/7/2011,1764,2867,2713,3067,3080,3399,2757,3514,2624,2257,3650,3267,2466,2384,3446
2/14/2011,2215,2900,2624,3150,3104,2968,2716,3415,2365,2266,3620,3768,2718,2548,3813
2/21/2011,2102,3360,2750,3300,3128,2431,2942,3600,2370,2369,3590,3722,3257,2500,3766
2/28/2011,2041,3117,3483,3065,3151,3258,2739,3298,2366,2610,3560,3798,3530,3223,3713
3/7/2011,2225,2940,4074,3220,3175,3650,2677,3725,2455,2794,3530,3777,1850,2580,3655
3/14/2011,2217,3500,4041,3253,3199,3130,2507,3612,2447,3020,3500,3725,2181,2662,3759
3/21/2011,2208,3440,4014,2975,3223,2610,2597,3500,2438,3246,3470,3805,2512,2709,3689
3/28/2011,2200,3333,3942,2975,3246,3411,2278,3455,2430,3473,3440,3692,2844,2495,3689
4/4/2011,2192,3500,3869,2512,3270,3765,2329,3509,2422,3699,3410,3740,3175,2554,3635
4/11/2011,2911,3567,4042,3100,3437,3708,2737,3256,2746,3933,3380,3888,3150,2754,3610
4/18/2011,2988,3400,4073,3050,3525,3725,2888,3390,2755,3942,3350,3816,3217,2720,3764
4/25/2011,2970,3280,3950,3025,3686,3303,2780,3240,2855,3876,3321,3684,3325,2685,3583
5/2/2011,2954,3600,4059,3193,3743,3118,3590,3100,3034,3888,3291,3754,3030,2960,3637
5/9/2011,3102,3600,3875,3450,3790,2928,3146,3453,3353,3788,3261,3651,2915,3208,3623
5/16/2011,2991,3600,3876,3427,3737,3023,3294,3093,2953,3733,3231,3540,3090,3491,3735
5/23/2011,3227,3443,3911,3756,3714,3463,3270,3350,3127,3787,3201,3410,3183,3766,3773
5/30/2011,3751,3700,3858,3617,3648,3552,3239,3620,3443,3806,3171,3623,3195,3716,3543
6/6/2011,3720,3700,3891,3493,3279,3588,3312,3630,3086,3625,3141,3678,3194,3644,3558
6/13/2011,3774,3700,3713,3824,3640,3643,3255,3653,3219,3814,3111,3804,3400,3734,3433
6/20/2011,4012,3700,3966,3467,3671,3808,3472,3610,3142,4009,3081,3544,3865,3961,3678
6/27/2011,3887,3700,3964,3227,3460,3426,3608,3950,3194,3887,3051,3209,3655,3676,3382
7/4/2011,4063,3460,3932,3286,3506,3688,3166,3740,3209,4039,3021,2599,3796,3980,3369
7/11/2011,3970,3640,3530,3100,3442,3686,3213,3655,3078,3951,2938,2336,3668,4065,3331
7/18/2011,3708,3120,3127,2810,3204,3557,3178,3420,2816,3818,2716,2688,3143,2960,3125
7/25/2011,3746,3400,3078,3160,3246,3351,2973,2941,2719,3760,2194,2619,3200,3107,2588
8/1/2011,3651,3200,3520,3112,3261,3282,2984,3144,2786,3709,2967,2425,3215,2997,2050
8/8/2011,3715,3200,3811,2946,3275,3016,3126,3530,2814,3455,2528,2387,3107,2929,2426
8/15/2011,3811,3200,3373,2902,3290,3153,3267,3520,3105,3656,2480,2582,2850,2861,2801
8/22/2011,3820,3320,3728,2858,3018,3241,3409,3520,2770,3282,2433,2560,3142,2793,2833
8/29/2011,3782,2900,3720,2497,2745,3191,3249,3400,2636,3597,2522,2550,3116,2725,2865
9/5/2011,3730,3150,3711,2775,2816,3115,3089,3640,2992,3162,2314,2370,3050,2657,2897
9/12/2011,3286,3300,3511,2923,2858,3176,2792,3513,2705,3027,2842,2955,3065,2589,2929
9/19/2011,3153,3117,3558,3000,2994,3496,2495,3435,2714,3236,2350,2897,2558,2805,2961
9/26/2011,2498,3183,3686,3167,3402,3601,3066,3355,2950,3010,2051,2646,2960,2994,2993
10/3/2011,2293,3120,3530,3433,3601,3570,3315,2889,2953,3632,2409,2662,3362,3443,2956
10/10/2011,2270,3200,3549,3600,3525,3783,3329,2828,3211,3564,2482,2706,3340,3295,2920
10/17/2011,2811,2960,3743,3520,3958,3840,3426,2659,3147,3651,2565,2642,3170,3637,2457
10/24/2011,3016,3400,3943,3470,3737,3850,3541,2452,3469,3653,2928,2921,3420,3258,2902
10/31/2011,3090,3100,3835,3730,3847,3650,3531,2600,3460,3643,2443,2871,3430,3312,3161
11/7/2011,2845,3232,4040,3870,3903,3875,3518,2711,3272,3669,2366,2874,3222,3452,2583
11/14/2011,3322,2865,4070,3819,3884,3420,3588,2369,3710,3897,2684,3309,3016,3675,2874
11/21/2011,3104,3093,4099,3650,3536,3500,3541,2530,3512,3693,2734,3407,2690,3774,2609
11/28/2011,3207,3300,3682,4000,3814,3550,3533,2690,3839,3814,2818,3499,2502,3623,2474
12/5/2011,3272,3020,3925,4147,3680,3530,3704,2735,3657,3427,3127,3273,2734,3289,2296
12/12/2011,3411,3000,3926,4117,3216,3230,3469,2900,3365,3406,3150,2817,2681,3368,2119
12/19/2011,3025,2817,3848,4123,2904,3200,3465,2280,3441,3400,3172,3206,2726,3461,1938
12/26/2011,3418,3096,3905,4070,3369,3275,3442,3373,3525,3185,3083,2585,3104,3809,1756
1/2/2012,3812,3087,3938,4113,3740,3633,3416,2764,3039,3529,2994,3038,3116,3706,1575
1/9/2012,2965,3100,3982,4137,3930,3700,3539,3836,3414,3293,2905,3393,3320,3884,2956
1/16/2012,2196,3300,3935,4217,3680,3550,3437,3943,3460,3199,2817,3222,3207,4116,3268
1/23/2012,3369,3100,3854,4197,3429,3910,3715,4050,3419,3381,2728,3708,3802,4123,4086
1/30/2012,2977,3175,3833,4067,3377,3450,3595,4260,3626,3898,2639,3696,3755,3856,4304
2/6/2012,2991,3860,3788,4015,3325,4008,3420,4692,3542,3475,2550,3518,3781,3900,4290
2/13/2012,2327,3780,3987,3900,3273,3853,3080,4432,3554,3326,2547,3582,3688,3801,4133
2/20/2012,2236,3406,3556,3770,3221,4150,3459,4740,3573,3899,2543,3832,3709,3836,4279
2/27/2012,3023,3033,4578,3830,3169,4470,3212,4362,3887,4451,2540,4099,3692,4028,4353
3/5/2012,3550,3850,4849,3739,3570,4483,3462,3970,4097,4679,2537,4559,4073,4204,4504
3/12/2012,4526,4000,4813,4009,3970,4520,3179,4505,4364,4583,2533,4388,3796,4395,4506
3/19/2012,4204,3875,3952,3942,3451,4660,3499,3973,4338,4625,2530,4658,3593,4449,4524
3/26/2012,4187,3650,4826,4264,3304,4700,3819,3542,4386,4636,2527,4508,3532,4398,4531
4/2/2012,4552,3800,4739,3923,4072,4550,3609,4532,4371,4592,2523,4534,3645,4050,4517
4/9/2012,4571,3575,4711,4200,4342,4583,4034,3254,4073,4606,2520,4479,3420,3795,4444
4/16/2012,4471,3350,4509,4170,4206,4340,3276,3130,4485,4417,2517,4336,3423,3907,4224
4/23/2012,4262,3605,4565,4133,3932,4400,3959,3068,4415,4302,2513,4165,3510,4105,3907
4/30/2012,4406,3860,4547,3950,4256,3975,3522,2966,4248,4207,2510,4199,3489,3793,3500
5/7/2012,4523,3900,4427,3887,4160,4260,3500,3175,4437,4395,2507,4259,3650,4153,3446
5/14/2012,4622,3950,4495,4157,4481,4392,3943,3176,4446,4451,2503,4292,3502,4015,3662
5/21/2012,4658,4000,4553,4183,4183,4733,4002,3193,4169,4284,2500,4406,3700,4411,3521
5/28/2012,4531,3975,4790,4007,4229,4550,3966,3138,3788,3866,2350,4127,3249,4019,3337
6/4/2012,4617,3900,4576,4103,3683,4525,3677,3047,3776,4128,2200,3926,3491,3983,3485
6/11/2012,4659,4050,4451,3973,3832,4680,3796,3619,3871,3973,2562,3869,3702,3898,3168
6/18/2012,4654,3985,4474,4073,3000,4300,3704,3428,3804,4291,2924,3692,3700,3734,3230
6/25/2012,4583,3936,4670,3987,3650,4420,3594,3672,3971,4359,2565,2807,3575,3786,3359
7/2/2012,4430,3980,4455,3897,3669,4383,2809,3504,3841,4311,3454,2940,3815,3820,3649
7/9/2012,4657,3980,4560,2592,3320,4592,3741,3538,4094,4319,3405,2800,3850,3985,3687
7/16/2012,4639,3980,4355,3847,3640,4533,3884,3954,4390,4290,3750,3266,3917,4007,3725
7/23/2012,4742,3980,4150,3455,3712,4530,3554,3988,4144,4188,3850,2835,3983,4029,3763
7/30/2012,4750,3980,5035,4071,3783,4780,3356,4292,4669,4826,3339,3820,4050,4051,3801
8/6/2012,4791,4233,4904,3949,3855,4750,4351,4329,3951,4673,3586,4132,4880,4073,3839
8/13/2012,4150,4400,5170,4214,3927,4828,4513,4634,4476,3273,2915,3643,4060,4094,3877
8/20/2012,4518,4400,5324,4479,3998,4800,3188,5045,4945,4982,3102,4126,4420,4116,3915
8/27/2012,4259,4796,5478,3915,4070,5517,4259,4620,4908,4650,3653,4287,5355,4138,3953
9/3/2012,2863,4875,5655,4233,3755,5167,3870,3972,4840,4376,3720,4025,4545,4160,3991
9/10/2012,3983,4240,5561,4153,4074,4867,3232,4000,4242,4656,3389,3945,4822,4182,4029
9/17/2012,4795,4000,5400,4233,4484,4920,4146,3904,3282,4822,3276,4156,5098,3533,4067
9/24/2012,4058,4000,5283,3960,4399,4775,4247,4030,3856,5166,3457,3762,4335,3772,4105
10/1/2012,4337,4200,5846,4467,5032,5080,4794,3952,4440,4646,3809,4160,4390,5416,4143
10/8/2012,3595,4500,6410,5250,5608,5267,4997,3940,4734,5594,4415,3790,3715,5707,4169
10/15/2012,3028,4950,5770,5075,5702,5360,5099,4176,4693,5657,4934,3543,3815,5879,3422
10/22/2012,2462,5050,5201,5748,5908,5400,5084,4477,4755,5601,3097,3446,4638,5309,3055
10/29/2012,3787,4800,5201,4360,5410,5450,5194,5070,4344,5247,3368,3446,4115,5399,2651
11/5/2012,3561,4800,5201,5062,5775,5560,5249,4460,5122,5659,3783,3683,4122,5200,2247
11/12/2012,3093,4800,5594,5594,6362,5660,5450,4892,4796,6462,4077,4350,4373,5228,2545
11/19/2012,4368,5200,6004,5550,6323,5675,5402,4530,4622,6062,4110,3774,4318,5205,2842
11/26/2012,3663,5800,5718,5500,5616,5217,5412,4287,4578,5766,3880,3855,4184,4744,3140
12/3/2012,3718,5800,5390,4875,5648,5100,5375,3312,5119,5695,4155,3606,4035,5163,2875
12/10/2012,3622,5800,5240,5223,5437,5117,5331,4148,4924,5499,4206,4440,4540,5136,3290
12/17/2012,4524,5800,5661,5490,5640,4680,5214,4750,4793,5174,3774,4151,4850,4687,3706
12/24/2012,4535,5800,5269,4958,4990,4620,5291,4405,4375,5087,4397,3974,4140,4720,4121
12/31/2012,3216,5800,4841,5427,5187,4660,4672,4630,4562,4658,4150,3784,4182,5142,4670
1/7/2013,4682,5800,4444,5043,4113,4667,4548,4524,4253,4455,3957,4126,3936,4840,4649
1/14/2013,4118,5050,4289,4950,4232,4450,4668,3759,4350,4211,4555,4205,3950,4538,4783
1/21/2013,3616,4800,4518,4783,4350,4900,4021,4244,4477,4169,3686,4020,3988,4685,5206
1/28/2013,3083,4800,4409,4620,3770,4700,4304,4855,4236,4416,3540,4174,4250,4491,5018
2/4/2013,3383,4800,4223,4263,4380,4317,4126,4224,4057,4334,3770,4292,4068,3306,4516
2/11/2013,2981,4800,4224,4436,4521,4567,3992,4286,4008,4243,4000,3844,3887,4270,4680
2/18/2013,3466,4750,4258,4253,4006,4467,4204,4470,4072,4418,4100,4059,3922,4439,4573
2/25/2013,4232,4360,4212,4163,3490,4315,3269,3356,3991,4486,4170,3914,3760,4152,4224
3/4/2013,4248,4000,4220,4073,3903,4200,2954,4412,3852,4519,3112,4398,3802,4058,4449
3/11/2013,4330,4150,4460,4075,4008,4150,3274,4496,4012,4707,3171,4226,3967,3965,4316
3/18/2013,4128,4760,4516,4200,4164,4433,3594,4178,3899,4708,4400,4126,3813,3871,4186
3/25/2013,3652,4533,4263,4083,4145,4117,3384,4191,3482,4299,4475,3985,3665,3966,4000
4/1/2013,4016,4034,4234,4120,4230,4080,3174,4360,3636,4389,3283,3810,3835,4060,4078
4/8/2013,4370,4162,4502,4253,4560,4558,2964,4271,4155,4754,3700,4466,3850,3800,4324
4/15/2013,4331,4600,4357,4160,4166,4525,3112,4034,4314,4586,4100,4163,3840,4082,4076
4/22/2013,3814,3900,4265,4310,4500,4483,3687,4088,4312,4480,4500,4151,3860,4176,4015
4/29/2013,4123,3900,4139,3960,4188,4300,3570,3894,4128,4141,4200,4206,3830,4067,4127
5/6/2013,3624,4094,3994,4125,4112,4180,3538,4030,4057,4390,4400,4091,3848,4160,4091
5/13/2013,3684,3900,3940,4350,4426,4300,3544,4019,4116,4424,3850,3949,3852,4172,4084
5/20/2013,4246,3850,4003,3950,4491,4333,3598,3855,3849,4301,3300,3968,3735,4337,3984
5/27/2013,4216,3718,4064,4367,4410,4317,3502,3859,3845,4337,4067,4143,3800,4311,4073
6/3/2013,4205,3780,3924,4247,4126,3967,3477,3783,3628,4174,2983,4019,3698,4171,4048
6/10/2013,4177,3780,3850,3967,4305,4120,3367,3749,3555,4278,3504,4083,3640,4504,4059
6/17/2013,4010,3803,3775,4033,3767,3800,3250,3816,3449,4149,3550,3470,3161,3984,3951
6/24/2013,4021,3850,3621,3903,3489,3800,3379,3475,3243,4142,3862,3512,3641,3938,3898
7/1/2013,3933,3850,3489,3333,2874,3722,3293,3524,3521,3937,3274,3058,3620,3892,3783
7/8/2013,3970,3733,3488,3395,3489,3338,2954,3426,3198,3916,3223,3613,4008,3846,3875
7/15/2013,4443,3850,3734,3388,4066,3633,3119,3766,3620,4481,3255,2913,4059,3801,4133
7/22/2013,4080,3808,3636,2716,4187,3800,3150,3814,3534,4260,4065,2705,3310,3755,4082
7/29/2013,4229,3600,3410,3497,4364,3833,2904,3728,3532,4161,3878,2938,4120,3709,4099
8/5/2013,4145,3600,3417,3553,4180,3800,1069,3451,3665,3890,3294,2690,3985,3663,3972
8/12/2013,4193,3725,3424,3609,4143,3800,1179,3393,3568,3796,2709,2743,3850,3617,3907
8/19/2013,4331,3850,3431,3665,4106,3800,1289,3335,3471,3701,3036,2796,3716,3571,3842
8/26/2013,3997,3975,3438,3721,4069,3800,1399,3277,3374,3606,3362,2850,3581,3525,3778
9/2/2013,3967,4100,3446,3776,4032,3800,1509,3219,3276,3512,3689,2903,3446,3479,3713
9/9/2013,4107,4225,3453,3832,3995,3800,1660,3161,3179,3418,1889,2956,3311,3434,3648
9/16/2013,4020,4350,3460,3888,3958,3800,1811,3103,3082,3323,3650,3010,3177,3388,3584
9/23/2013,2514,4475,3467,3944,3921,3800,2606,3045,2985,3228,2556,3063,3042,3342,3519
9/30/2013,1972,4600,3474,4000,3884,3800,3402,2987,2888,3134,3098,3116,2907,3296,3454
10/7/2013,2294,4600,3432,3968,4180,3900,3488,3185,3172,3258,3254,3078,2900,3354,3025
10/14/2013,2304,4518,3391,3935,4079,3841,3445,3147,3156,3241,2950,3056,2893,3425,3015
10/21/2013,2731,4436,3350,3903,3978,3782,3402,3109,3139,3224,2896,3035,2886,3495,3006
10/28/2013,2748,4354,3308,3870,3877,3723,3359,3071,3123,3207,2886,3013,2878,3566,2996
11/4/2013,2784,4272,3266,3838,3776,3664,3316,3032,3106,3190,2846,2991,2871,3636,2987
11/11/2013,2735,4190,3225,3805,3674,3605,3273,2994,3090,3173,3469,2970,2864,3707,2977
11/18/2013,2704,4108,3184,3773,3573,3546,3230,2956,3073,3156,3639,2948,2857,3778,2967
11/25/2013,3014,4025,3142,3741,3472,3487,3188,2918,3057,3138,3289,2926,2850,3848,2958
12/2/2013,3067,3943,3100,3708,3371,3428,3145,2880,3040,3121,3293,2904,2843,3919,2948
12/9/2013,2791,3861,3059,3676,3270,3369,3102,2842,3024,3104,3296,2883,2836,3990,2938
12/16/2013,3233,3779,3018,3643,3181,3310,3059,2803,3007,3087,3300,2861,2828,4060,2929
12/23/2013,2711,3697,2976,3611,3092,3251,3016,2765,2991,3070,3304,2839,2821,4131,2919
12/30/2013,2520,3615,2934,3578,3003,3192,2973,2727,2974,3053,3402,2818,2814,4201,2910
1/6/2014,2984,3533,2893,3546,2914,3133,2930,2689,2958,3036,3500,2796,2807,4272,2900
1/13/2014,2746,3660,2947,3413,2900,3067,3107,2757,2913,2869,3907,2436,2924,3173,2114
1/20/2014,2849,3700,3028,3685,2846,2925,2921,2820,2976,2607,3359,2684,3050,3220,3254
1/27/2014,2706,3650,3011,3758,2690,2917,2825,3002,3071,2760,3659,3047,2983,3161,3400
2/3/2014,2322,3280,2948,3642,2474,2875,2763,2960,2974,2876,3145,3111,2850,3120,3248
2/10/2014,2168,3150,2836,3381,2894,2880,2550,2983,2944,2594,3540,3158,3065,2977,3211
2/17/2014,2112,3120,2878,3475,1890,2800,2473,3200,2843,2854,3280,3048,2790,3067,3194
2/24/2014,2038,3000,2940,3260,2833,2800,2444,3134,2862,2806,2900,2941,2884,3086,3040
3/3/2014,2075,3000,2995,3100,2840,2794,2554,3206,2727,3158,3266,2766,2933,2780,3075
3/10/2014,2129,3000,3174,3134,2914,2833,2700,3400,2654,2997,3633,3129,2326,2963,3199
3/17/2014,2216,3067,3191,3167,2959,2767,2701,3342,2731,2945,2950,3012,2679,3034,3170
3/24/2014,2762,3150,3282,3400,2885,2960,2484,3325,3072,3153,3750,3361,3032,3131,3351
3/31/2014,3022,3100,3504,3427,3534,3280,2663,3449,2924,3280,2300,3543,2750,3104,3513
4/7/2014,3352,3125,3598,3453,3516,3317,2829,3324,3097,3228,3800,3493,3067,3132,3600
4/14/2014,3057,3200,3390,3480,3344,3220,2542,2997,3018,3189,3370,3352,2842,3090,3377
4/21/2014,3086,3217,3322,3500,3177,3330,2853,3309,3105,3120,3325,3247,3117,3106,3238
4/28/2014,3065,3250,3336,3487,3335,3228,2782,3050,3080,3022,3000,3269,2855,3108,3144
5/5/2014,3060,3250,3286,3300,3422,3150,2849,2844,3066,2974,2500,3086,2720,3070,3158
5/12/2014,3211,3212,3292,3500,3302,3184,2617,3000,3117,3064,2000,3082,2780,3117,3035
5/19/2014,3472,3100,3492,3400,3380,3407,2701,3228,3008,3305,2717,3408,3105,3226,3276
5/26/2014,3874,3660,3697,3900,3710,3416,2768,3477,3188,3301,2939,3476,3412,3536,3466
6/2/2014,3659,3842,3482,4000,3467,3425,2821,3144,3265,3879,3270,3395,3344,3432,3225
6/9/2014,3796,3850,3415,3811,3440,3352,2982,3282,3107,3528,3066,3659,3422,3212,3082
6/16/2014,3594,3490,3321,3570,3402,3334,3009,2930,2926,3176,2862,3530,3375,3363,3187
6/23/2014,3432,3250,3365,3541,3187,3026,2909,2974,3022,3337,2002,3391,3162,3100,2982
6/30/2014,3556,3500,3258,3526,3128,3061,2869,2988,2908,3128,2712,3164,3110,3070,2834
7/7/2014,3580,3750,3230,3327,3307,3075,2854,3044,3033,3248,2623,3224,3292,3080,2870
7/14/2014,3697,3730,3395,3520,3118,3172,2840,2993,3157,2980,2534,3199,3230,3090,2884
7/21/2014,3691,3742,3300,3441,2929,3334,2665,3218,3128,3304,2446,3195,3373,3100,2897
7/28/2014,3839,3750,3544,3474,3104,3425,2643,3165,3263,3362,2357,3408,3396,3209,2911
8/4/2014,4057,3750,3317,3454,3325,3528,2947,3582,3382,3156,2268,3146,3683,3319,2970
8/11/2014,3918,2750,3841,3434,3547,3534,2304,3590,3602,3925,3114,3547,3850,3428,3165
8/18/2014,3849,2500,4426,3414,3768,3859,3138,3710,3784,3951,3702,3780,4550,3538,3363
8/25/2014,4611,2500,3430,3394,4590,4433,2919,4686,3854,4348,3279,3855,4708,3647,3811
9/1/2014,3908,2420,4314,3374,3267,3856,3259,4263,3510,3777,2562,4122,3979,3756,4022
9/8/2014,3204,2480,3795,3354,2467,4077,2424,4039,3554,3448,3422,4390,3250,3866,4232
9/15/2014,2928,2260,4160,3706,3107,3986,3576,4106,2913,3923,3363,3793,3040,3975,3412
9/22/2014,2404,2333,4472,3567,3908,3686,3618,4070,3532,4015,2801,3858,3318,3960,2350
9/29/2014,2229,2460,4171,3330,4440,3528,3347,3632,4236,4079,2759,3708,2842,4013,2636
10/6/2014,2416,3200,3870,3345,4450,3417,3215,3602,4435,4154,2563,3399,3850,3952,2676
10/13/2014,2604,3200,4686,3360,4413,3529,3316,3382,4392,3736,3620,3401,2748,4351,2716
10/20/2014,2791,3200,4281,3223,4355,3211,3019,3152,3991,3608,3812,3404,3300,3912,2769
10/27/2014,2978,3400,3857,3483,3625,3190,3267,3230,3762,3372,3062,3406,3217,3515,2790
11/3/2014,3166,2920,4323,3841,4362,3994,3058,3307,4371,4001,3625,3408,3133,3700,2810
11/10/2014,3353,2800,3961,4098,4487,3867,3108,2913,4101,4131,3772,3411,3050,3919,3360
11/17/2014,3329,3360,3705,3966,4037,3641,2987,3360,3436,3828,3516,3413,2916,3788,4135
11/24/2014,3305,3500,3465,3889,4208,3363,2775,2982,3518,3715,3546,3415,2958,4111,2932
12/1/2014,3281,3033,3315,3656,3855,3342,2992,2879,3493,3303,3632,3417,3050,3849,3421
12/8/2014,3256,2800,3244,3712,3255,3226,2874,2840,3612,3158,3154,3420,3096,3597,3910
12/15/2014,3232,2800,3436,3585,2944,2987,2834,3380,3309,3021,2600,3422,2917,3557,4399
12/22/2014,3208,3000,3530,3704,3500,3067,2739,3192,3399,2963,2909,3424,2608,3517,4888
12/29/2014,3184,3100,3586,3942,3359,3153,2642,3777,3424,3047,2500,3427,2850,3477,4249
1/5/2015,3160,3200,3734,4039,3059,3196,3305,4082,3376,3151,3900,3429,2852,3437,3610
1/12/2015,3113,3700,3864,4257,3469,3387,3299,4382,3639,3150,3332,3676,2936,3693,3996
1/19/2015,3067,3700,3747,4034,3279,3469,3225,4290,3589,3228,3012,3761,3640,3896,4115
1/26/2015,3020,3740,3850,4006,3350,3594,3309,4382,3844,3450,3022,3727,3682,3782,4479
2/2/2015,2974,3500,4106,4198,3425,3566,3232,4592,3810,3690,3033,4194,3593,3984,4511
2/9/2015,2927,3250,4157,4429,3500,3660,3399,4744,3888,4003,2604,4422,3610,4150,4598
2/16/2015,3138,3250,4590,4399,3575,3917,3626,4915,4113,3986,2952,4698,3730,4070,4632
2/23/2015,3329,3588,4686,4206,3650,3736,3556,4782,3812,4215,3299,4590,3917,4058,4470
3/2/2015,3112,3367,4497,4411,3725,3570,3346,4628,3728,4281,3647,4663,3738,4046,4499
3/9/2015,2896,3360,4538,4188,3800,3470,3185,4645,3387,4484,5351,4685,3842,3946,4645
3/16/2015,3758,3700,4549,4448,3882,3614,3024,4558,3582,4719,5353,4744,3922,3846,4730
3/23/2015,4620,3600,4677,4975,4090,3750,2841,4519,3540,4702,5354,4709,4268,3964,4627
3/30/2015,4539,3600,4699,4544,4403,4216,2658,4634,4322,4577,5356,4774,3874,4083,4644
4/6/2015,4457,3600,4371,4300,4550,4301,2475,4772,4276,4461,5358,4730,3637,4202,4620
4/13/2015,4376,3600,4794,4623,4692,4158,2292,4720,4450,4800,2437,4812,3860,4320,4431
4/20/2015,4566,3630,4788,4796,4776,4663,2109,4822,4525,5020,3077,5032,3800,4686,4463
4/27/2015,4736,3650,4890,4899,4896,4534,3548,4968,4627,5115,3717,5087,3834,4875,4883
5/4/2015,4903,3650,4969,4826,4665,4271,3875,4934,4638,5076,3605,4819,4032,5064,4520
5/11/2015,5095,3650,5274,5034,4904,4999,4329,5307,4864,5408,3493,5084,3937,5253,4507
5/18/2015,5281,3650,5183,5035,5169,5096,4678,5412,4849,5570,3382,5174,3918,5499,4942
5/25/2015,5207,3650,5024,4964,4889,4789,4719,5408,4675,5509,3270,5358,4188,5454,5376
6/1/2015,5584,5800,5128,4880,4997,4909,4555,5461,4897,5534,3158,5061,3860,5460,5357
6/8/2015,5716,3900,5548,5077,4882,5017,4356,5690,5380,5400,3046,4766,2252,5436,5338
6/15/2015,5612,3900,4133,4997,4461,4612,4751,5660,4949,5588,2494,5469,3701,5411,5319
6/22/2015,5488,3900,5097,4585,4166,4608,4126,5326,3853,5415,3676,3933,3741,5460,5301
6/29/2015,5774,3900,4990,4860,3688,4585,4423,5514,4578,5722,2836,4185,3781,5464,5282
7/6/2015,5574,3900,5522,4492,3210,4470,3296,5306,4204,5365,3087,3846,3820,5467,5263
7/13/2015,5552,3900,5562,4480,3340,4738,3201,5246,4016,5536,3677,4391,3860,5471,5244
7/20/2015,5824,3900,5602,4469,3690,4538,3069,5143,4174,5520,5271,3844,3900,5474,5225
7/27/2015,5698,3900,5746,4457,3791,4858,3805,5284,3540,5793,3170,4219,4557,5478,5206
8/3/2015,5308,3900,5625,4433,3892,4965,3921,5333,3286,5318,3794,4759,4150,5482,5187
8/10/2015,3431,3900,5682,4410,3992,4670,4037,5295,3868,5628,3406,4706,6070,5485,5168
8/17/2015,5316,3900,6152,4386,4093,5194,4153,5506,4060,5321,4271,4956,4920,5489,5150
8/24/2015,5394,3900,6459,4473,4194,5369,4269,5571,4974,5366,4923,5324,3510,5493,5131
8/31/2015,4656,3900,6575,4803,4717,4478,4385,5768,4820,5954,5529,4653,3472,5496,5112
9/7/2015,4266,3900,6202,5056,5530,4510,4412,5832,4735,4307,5262,5478,4870,5500,5093
9/14/2015,3600,3900,6751,4979,5497,5392,4138,5751,5117,4649,3691,5093,3693,5503,4333
9/21/2015,2585,3900,6469,4976,5782,5000,4222,5752,5199,4294,3768,4907,5466,5507,3573
9/28/2015,3234,3900,6367,5046,5719,5299,4273,5799,5209,5442,3983,4262,4250,6008,2813
10/5/2015,3706,3900,6266,4769,5732,5236,5230,5740,5140,5551,3337,4934,4923,6216,3955
10/12/2015,4073,3900,5616,4482,5630,4547,5107,4988,4758,4706,3355,4359,4060,5642,4322
10/19/2015,3526,3900,4439,3475,4778,3849,5116,4544,3908,3860,3140,3487,3383,4834,3936
10/26/2015,3176,3900,4043,3504,4195,3635,5089,3782,3530,3908,3294,3009,3210,4129,3419
11/2/2015,2811,3900,4396,4098,4183,4045,4894,3562,4217,4168,2466,3874,3250,4472,3476
11/9/2015,2667,3900,4205,4314,3994,4061,4570,3648,4038,4170,3011,4298,2820,4708,3533
11/16/2015,3171,3900,4122,4329,3450,3936,4062,4301,3985,4142,2891,3807,3462,4142,3590
11/23/2015,2827,3900,4040,4396,3783,3723,4731,3748,4277,4363,2771,4283,3149,4695,3646
11/30/2015,3421,3900,4218,4405,4470,3799,4382,3969,4031,4659,2882,4438,3281,4233,3703
12/7/2015,3462,3900,4126,4506,4113,3850,4207,4432,3978,4632,2716,4442,3742,4283,3760
12/14/2015,3635,3900,4027,4448,3737,4108,4372,4642,3744,4175,3036,4704,3782,4073,3883
12/21/2015,4048,3900,4070,4591,4230,4199,4205,4469,3781,4131,3584,4651,3912,3896,4007
12/28/2015,3675,3900,4464,4781,3947,4080,3726,4544,4125,4022,3647,4518,4136,4038,4130
1/4/2016,3592,3900,4419,4775,3718,4422,3949,4880,4215,3748,4020,4521,4132,3624,4508
1/11/2016,3623,3900,4461,4882,4026,4431,4525,5122,4550,3808,2850,4818,3850,4271,4459
1/18/2016,3129,3900,4194,4547,3034,4177,3474,5296,4611,3930,3799,4729,4010,3861,4768
1/25/2016,3047,3900,3804,4438,3329,4332,3660,5136,4256,3919,3742,4837,3857,3936,4835
2/1/2016,3325,3900,4019,4234,3625,4328,3655,5099,4347,4128,3896,4806,3900,3585,4312
2/8/2016,3604,3900,4233,4031,3920,4324,3650,5062,4438,4337,4050,4776,3944,3234,4474
2/15/2016,3882,3900,4448,4161,4439,4320,3644,4940,4529,4546,4239,4745,3987,2883,4636
2/22/2016,4012,3900,4576,4004,4309,4306,3639,4597,4212,4488,4427,4705,4028,3328,4648
2/29/2016,4123,3900,5013,4274,4274,4276,3764,5098,4286,4732,4616,5003,3996,3774,4816
3/7/2016,4710,3900,5114,4347,4239,4432,3890,5166,4239,4761,5286,5166,3935,2980,5033
3/14/2016,5064,3900,5289,4236,4255,4586,3950,5326,4715,4876,5932,5341,3849,3468,5404
3/21/2016,5138,3900,5505,4634,4218,4419,4009,5671,4708,5612,5887,5537,3997,3209,5452
3/28/2016,4683,3900,5335,4656,4189,4237,4069,5458,4771,5301,5745,5458,3828,4324,5261
4/4/2016,5342,3900,5164,4762,4580,5320,3679,5487,4953,5501,4719,5686,4128,5223,5247
4/11/2016,5139,3900,4942,4469,4332,5089,4199,5359,4940,5287,6168,5344,4094,5120,5265
4/18/2016,4975,3900,5020,4622,4249,4695,4735,4698,4818,4929,5959,5244,4050,4872,4873
4/25/2016,5271,3900,5192,4684,3856,4952,4299,5174,4911,5131,5749,5304,3808,5070,5011
5/2/2016,4828,3900,5116,4712,3838,4901,3820,4976,4831,5057,5540,5288,4075,4729,4336
5/9/2016,5368,3900,4994,4650,3730,4929,4269,5064,4778,5238,5330,5348,3737,4467,4612
5/16/2016,5279,3900,5025,4329,3621,5074,4310,5145,4735,5198,5121,5096,3858,4090,4268
5/23/2016,5542,3900,4857,4807,3646,4882,4409,4806,4696,5509,5800,5187,4018,4532,4443
5/30/2016,5596,3900,5064,4830,4121,4975,4085,5242,4742,5415,4768,5344,4528,4472,4579
6/6/2016,5586,3900,5286,4909,4253,4966,4188,5484,4841,5606,6874,4390,4839,4518,4622
6/13/2016,5386,3900,4963,4215,4552,5156,4302,5516,4792,5492,5113,5265,4746,4791,4399
6/20/2016,5442,3900,5011,4734,5291,5049,4221,5883,5081,5775,3352,4779,4909,4749,4496
6/27/2016,5167,3900,4878,4844,5022,5230,3696,5855,5167,5791,4165,5006,4603,4707,4524
7/4/2016,5289,3900,4862,4790,4753,5493,4706,5380,4910,5415,4826,4790,5064,4666,4552
7/11/2016,4781,4500,4945,5225,4485,4811,3500,5371,5011,5804,4500,4375,4875,4624,4580
7/18/2016,5188,4800,5234,5190,4216,5392,3809,5398,5281,5627,4449,4465,4318,4582,4608
7/25/2016,5196,4900,5096,5504,3947,5497,5339,5856,4832,5985,4519,4688,4379,4540,4636
8/1/2016,3992,4900,5236,5819,3678,5276,4991,5757,5340,5494,4843,4282,4535,4499,4664
8/8/2016,4268,4900,5736,5350,3410,5147,4643,5503,4348,5611,4303,3894,4271,4457,4691
8/15/2016,4494,4900,5613,4880,3141,4579,4295,5258,4892,4878,3695,4631,4632,4415,4719
8/22/2016,4044,4900,5321,4411,2872,4832,3947,4774,4746,4815,3169,4390,5509,4373,4747
8/29/2016,4016,4900,5315,4534,3676,4370,3599,4570,4599,5000,3644,4786,4370,4332,4775
9/5/2016,3763,4900,4818,4656,4480,3897,2769,4768,4453,4869,3278,4439,3831,4290,4803
9/12/2016,4755,4900,5193,4630,3938,4286,3414,4553,4330,4806,4054,5047,3641,4248,4831
9/19/2016,3271,4900,4990,4468,3947,4021,3725,4583,4486,4905,4173,4373,2986,4352,4859
9/26/2016,2684,4600,5324,4026,3567,4296,3982,4908,4816,4518,4810,4337,2513,4230,3984
10/3/2016,2292,4000,5168,3745,3458,4302,4090,4804,4981,4339,4619,3979,2617,4009,3110
10/10/2016,2299,4000,4884,4202,3741,4332,4707,4559,4711,4154,4982,3953,2905,4688,2876
10/17/2016,2710,4000,4694,4146,3876,4597,4926,3717,4474,3802,4174,3648,3278,4457,3334
10/24/2016,2616,4000,4432,4581,4603,4639,5016,3490,4508,4387,4840,3670,3390,4748,3067
10/31/2016,2632,4000,3944,4272,4332,4296,5010,3502,4189,4158,3942,4151,3314,4447,3046
11/7/2016,3337,4000,4085,4282,4166,4194,4921,3669,4295,4149,4829,4230,3239,4826,3026
11/14/2016,3000,4000,4396,4490,4582,4376,4780,3482,3960,4393,4859,4153,3093,4456,3618
11/21/2016,3504,4000,4444,4499,4340,4170,4459,3460,3706,4606,4286,4281,3609,4246,3659
11/28/2016,3144,4000,4406,4662,4931,4370,4622,3710,4057,4521,5003,4221,4125,4270,3700
12/5/2016,3405,4000,4441,4699,4982,4230,4631,3894,3969,4390,7252,4540,3634,4577,3741
12/12/2016,3816,3750,4476,4764,4160,4154,4762,3434,3943,4008,4291,4497,3583,4096,3782
12/19/2016,3101,3700,4510,4873,4369,4172,4797,4024,4038,4039,4570,4567,3643,4358,3823
12/26/2016,2861,4000,4638,5094,4175,4330,4737,3644,4052,3910,4115,4794,3808,4266,3864
1/2/2017,3788,4250,4834,5064,3981,4375,4826,3806,4039,4095,4331,5155,4066,4334,3905
1/9/2017,3599,4250,4980,5133,3788,4491,4722,4504,4107,3725,4906,5103,3460,4634,3946
1/16/2017,3983,4950,4794,5039,3594,4406,5470,5215,4079,3768,3926,5192,3336,4221,3987
1/23/2017,2846,4250,4709,5085,3400,4382,3954,5292,4067,3735,4084,5214,3555,4266,4481
1/30/2017,3181,4250,4629,5164,5159,4263,3954,5402,4111,3956,5018,5216,3753,4299,4921
2/6/2017,3892,4250,5016,5018,5086,4395,4916,5252,3975,4370,4199,5090,3306,4203,4836
2/13/2017,3593,4250,5115,4804,5014,4268,3569,5204,3821,4592,4809,4863,3751,3697,4784
2/20/2017,4185,4250,5019,4673,4941,4425,4539,5309,3880,4397,3250,5119,4146,3643,4898
2/27/2017,4310,4250,5184,4842,4868,4410,4879,5217,3885,3934,6212,5094,3859,4014,4700
3/6/2017,4140,4250,5312,4153,5048,4265,5059,5220,4004,5280,5418,5271,3826,3717,4911
3/13/2017,4267,4250,5612,4412,4842,4350,4664,5543,4102,5628,4751,5573,4160,3948,5157
3/20/2017,4850,4250,5620,5069,4554,4888,3052,5536,4096,5736,4824,5569,4057,3417,4910
3/27/2017,4865,3950,5650,4980,4542,4701,3934,5761,4921,5850,4896,5850,3830,4237,5407
4/3/2017,5063,3800,5732,4840,4856,4692,4815,5502,5068,5652,4671,5499,4478,4889,5275
4/10/2017,4818,3800,5697,5239,4914,5071,4538,5308,5440,5117,4446,5723,4041,4916,5378
4/17/2017,5081,3550,5592,5179,4868,4772,4262,5197,5437,5248,4557,5675,4551,5138,5178
4/24/2017,4584,3800,5369,5121,4725,4884,4720,4925,5000,5030,4668,5357,4137,5022,4770
5/1/2017,5143,3800,5313,5170,4922,5238,3769,5101,5103,5422,4779,5297,4412,5137,4619
5/8/2017,4587,3800,5265,5190,4644,4661,4649,4880,4851,5172,4890,5406,4218,4901,4489
5/15/2017,4884,3800,5290,5318,4657,4291,4461,4909,4642,5188,7562,5180,3887,4910,4428
5/22/2017,4990,3800,5337,5009,4821,4394,4277,5054,4627,5088,3953,5326,3948,4724,4148
5/29/2017,4627,3800,5184,4891,4606,4386,4132,4784,4290,4796,4467,5094,4334,4316,4369
6/5/2017,4564,3800,5006,5243,4637,4030,4046,4506,3993,4450,3770,5114,4072,4732,4078
6/12/2017,4655,3800,4726,4833,3910,3913,3937,4617,3961,4463,3506,4698,4011,4631,3848
6/19/2017,4765,3800,4812,4599,4596,3908,3965,4340,3769,4255,4493,4750,4416,4544,3618
6/26/2017,4541,3800,4592,5061,3685,3873,3400,4391,3446,4556,3808,3906,4772,4457,3530
7/3/2017,4483,3950,4646,4909,4681,3858,3615,4048,3428,4157,4018,3774,4036,4371,3443
7/10/2017,4276,4000,4589,4757,4482,3995,3289,3810,3586,4137,4114,3749,3300,4284,3355
7/17/2017,4526,4100,4380,4605,4282,3822,4146,3970,3809,4130,4010,4163,4198,4197,3268
7/24/2017,4448,4400,4766,4453,4083,3890,3943,4071,3480,3829,4046,4256,4390,4110,3180
7/31/2017,4236,4400,5041,4301,3797,3650,4082,4349,3150,4165,3791,4135,3755,4024,3092
8/7/2017,4348,4400,4347,4149,3511,3806,4222,4066,3250,4501,3991,3832,3120,3937,3005
8/14/2017,4247,4400,4465,3997,3226,3962,4361,3992,3332,4338,4058,4306,2485,3850,2917
8/21/2017,4146,4325,4584,3845,2940,4118,4500,3919,3414,4174,3263,4348,1850,3763,2830
8/28/2017,4045,4100,4702,3693,2654,4274,4251,3846,3496,4011,3885,4592,4100,3676,2742
9/4/2017,3733,4100,4479,3541,2961,4430,4002,3772,3578,3330,4058,3864,3131,3590,2655
9/11/2017,3672,4100,5012,3564,2850,3653,3084,3876,2896,3539,3294,3959,3442,3503,2567
9/18/2017,3821,4100,5323,3677,3383,4152,3613,3714,3277,2744,3700,4200,4015,3416,2479
9/25/2017,3773,4100,4736,3735,3449,4170,3804,4121,3413,3793,3319,3761,3346,3934,2392
10/2/2017,2981,4100,4590,3690,3627,4263,4319,4091,3181,4073,3190,3955,3306,3946,2304
10/9/2017,3680,4100,4417,3646,3481,4381,4223,4126,4214,3981,3480,3189,2974,3959,2217
10/16/2017,2985,4100,3825,3296,3138,3667,3868,3889,3502,3935,3553,3240,2578,3596,2129
10/23/2017,3030,4100,3530,3037,2646,4081,3947,4046,3158,3644,3526,3488,3450,3294,2242
10/30/2017,2625,4100,3637,3210,2946,3572,4354,3996,3243,3898,3540,3726,2980,3882,2355
11/6/2017,2684,4100,3132,3330,3106,3410,4053,3243,3272,3380,3087,3487,2843,3384,2229
11/13/2017,2699,4100,3629,3744,3217,3351,3973,3024,3399,3278,3249,3289,2636,3567,2484
11/20/2017,2445,4100,3801,3955,3471,3150,3907,2886,3494,3474,3497,3926,2768,3729,2738
11/27/2017,2602,4100,3888,3883,3506,3521,3930,3291,3491,3504,4470,3845,2714,3784,2992
12/4/2017,2577,4100,3760,3708,3287,3367,3769,3298,3291,3284,4275,3700,2841,3804,3247
12/11/2017,2602,4100,3592,3708,3382,3207,3479,3020,3302,3264,3949,3223,2793,3328,3502
12/18/2017,2900,4100,3788,3673,2824,3356,3440,3398,3412,3101,4336,3380,2788,3339,3756
12/25/2017,2673,4100,3560,3606,3112,3225,3239,3574,3366,3130,4281,3387,2631,3374,3632
1/1/2018,2355,4100,3524,3603,2932,3147,3220,3494,3275,3062,4078,3642,2653,3394,2984
1/8/2018,2377,4430,3634,3711,3190,3157,3333,3729,3362,3015,4345,3852,2547,3364,3204
1/15/2018,2156,4650,3636,3711,3220,3199,3304,3765,3240,3088,4898,3806,2842,3232,3611
1/22/2018,2479,4650,3600,3556,2815,3074,3244,3875,3306,3136,4164,3827,3059,3504,3966
1/29/2018,3023,4650,3704,3588,3218,3088,3318,4005,3207,3130,3860,3881,2961,3329,3978
2/5/2018,2980,4650,3752,3640,3198,3170,3334,4134,3317,3218,4210,3856,3085,3312,4071
2/12/2018,3164,4650,4045,3934,3374,3202,3112,4257,3329,3435,3990,4123,3057,3369,4266
2/19/2018,3447,4650,4205,3499,3430,3460,3398,4437,3266,3607,2540,4200,2757,2979,4142
2/26/2018,3553,4650,3814,3749,3486,3326,2902,4332,3198,3653,2799,4081,3014,3352,3966
3/5/2018,3154,4650,3869,3501,4042,3285,2792,4113,3095,3670,2533,3997,3158,3158,4009
3/12/2018,3598,4650,3804,3706,3542,3540,2577,3667,3156,3849,4240,3887,3345,3284,3894
3/19/2018,3332,4630,3654,3123,3284,3734,2738,3886,3171,3806,2632,3910,3258,3196,3833
3/26/2018,3332,4650,3662,2887,3427,3661,2815,3323,3219,3728,3429,3912,3219,3300,3900
4/2/2018,3282,4650,3721,3742,3356,3654,2370,3696,3097,3840,2589,3937,3377,3301,3912
4/9/2018,3543,4650,3535,3656,3238,3601,2947,3559,3268,3664,4070,3851,3558,3350,3846
4/16/2018,3266,4650,3459,3381,3013,3574,2495,3212,3384,3414,2223,3637,3195,3389,3769
4/23/2018,3551,4650,3384,3310,3284,3460,3509,3178,3260,3250,2651,3425,3304,3348,3626
4/30/2018,3417,4650,3456,3238,2925,3347,2739,3144,3135,3427,3354,3439,3170,3328,3482
5/7/2018,3537,4650,3730,3488,3108,3406,2707,3241,3228,3534,4056,3519,3347,3214,3464
5/14/2018,3417,4650,3852,3547,3051,3637,2580,3469,3283,3766,5457,3512,3462,3171,3520
5/21/2018,3894,4650,3867,3595,3115,3564,2539,3830,3262,3758,3966,3617,3589,3240,3796
5/28/2018,3908,4650,3728,3460,2959,3132,2853,3524,3196,3562,4051,3761,3674,3247,3833
6/4/2018,3797,4650,3662,3381,3080,3058,2646,3480,3144,3518,2529,3740,3600,3138,3689
6/11/2018,3794,4650,3577,3232,2807,3201,2826,3652,2927,3556,2328,3779,3539,3060,3762
6/18/2018,3709,4650,3635,3143,2724,2966,2890,3530,2970,3436,2835,4018,3477,2574,3665
6/25/2018,3752,4650,3634,3306,3082,3183,2917,3750,2842,3390,2458,3795,3392,2881,3641
7/2/2018,3707,4650,3695,3126,2912,3069,3004,3592,3052,3434,2316,3715,3130,2961,3783
7/9/2018,3697,4650,3893,3375,2701,3174,2445,3436,3253,3393,2346,3830,3210,3041,3050
7/16/2018,4050,4650,4050,3636,3610,3314,2564,3573,3302,3699,2522,3628,3290,3121,3790
7/23/2018,4205,4650,4492,3740,3514,3383,2296,3969,3175,4110,2708,3988,3370,3201,3927
7/30/2018,4210,4650,4717,3708,3474,3588,3043,4093,2772,4080,2350,3950,3450,3281,3995
8/6/2018,4072,4650,4855,4106,4030,3554,3280,4270,3056,3962,2566,3906,3530,3360,3922
8/13/2018,4044,4650,5210,3744,3990,3465,3249,4724,3304,4413,2702,4085,4069,3440,4346
8/20/2018,4518,4650,5106,4499,3342,3828,3190,4455,3604,3956,2356,4606,4952,3520,4770
8/27/2018,4102,4650,4869,3748,2694,3785,3090,4186,3586,4488,2260,4185,4774,3600,4520
9/3/2018,4078,4983,5051,3312,2046,3719,3969,4332,3376,4031,2857,4230,4788,3680,4270
9/10/2018,4060,5150,4883,3594,2803,3855,3310,4146,3604,4402,3177,4389,2999,3760,4020
9/17/2018,2211,5150,5196,3976,3435,4300,3703,4093,3804,4216,3158,4372,3376,3840,3769
9/24/2018,2387,5150,5025,3993,3732,4377,3991,3869,4013,3920,2976,4074,2829,4422,3519
10/1/2018,2563,5150,4610,3785,3392,4172,4035,3530,3939,3982,2853,4123,2646,3865,3269
10/8/2018,2793,5150,4754,3654,3124,4190,3949,3359,3947,4158,3363,3663,3020,3747,3019
10/15/2018,3132,5150,4678,3772,3505,4189,3946,3348,3898,4115,3868,3992,2677,3906,2721
10/22/2018,2785,5150,4662,4077,3524,4199,3846,2583,4042,4115,4497,3940,3055,3755,2831
10/29/2018,3287,5150,4835,4688,4578,4209,3909,4065,4503,4642,5194,4108,3318,4364,2941
11/5/2018,3532,5150,4489,4727,4606,4259,3963,3840,4369,4738,5138,4515,3165,4410,3050
11/12/2018,3921,5150,4303,4522,4890,4036,4091,2640,4247,4449,5294,4049,2857,4170,3160
11/19/2018,3593,5150,4361,4425,4768,4171,4173,3512,4146,4511,4649,4469,3507,4365,3270
11/26/2018,3819,5150,4057,4137,4610,4080,4186,1729,3968,4260,5398,4734,3769,4268,3380
12/3/2018,3478,5150,3859,3702,4288,4075,4094,3322,3667,3987,5125,4220,3535,3854,3490
12/10/2018,4038,5150,3724,3658,4271,3878,3882,3548,3434,3918,5182,3799,3272,3765,3600
12/17/2018,3645,5150,4021,3872,4074,3755,3987,2130,3578,3858,4760,3752,3608,3789,3709
12/24/2018,3507,5150,4463,3792,4424,3742,4066,3418,3585,3860,4632,3446,3406,3589,3819
12/31/2018,3369,5150,4257,3872,4242,3674,4254,3768,3441,3792,4386,3866,3445,3650,3929
1/7/2019,3231,5150,4281,3909,4059,3598,4131,4656,3522,3586,2934,4619,3416,3572,4102
1/14/2019,3350,5150,4228,3706,3282,3614,3633,4485,3473,3585,2743,4307,3369,3652,4524
1/21/2019,3514,5150,4340,3742,2506,3706,3914,4527,3543,3583,2613,4680,3815,3630,4688
1/28/2019,4457,5150,4562,4038,2588,3827,2694,4648,3546,3530,3328,4771,3386,3706,4730
2/4/2019,3974,5150,4496,4049,2669,3637,3719,4570,3526,3879,3704,4708,3299,3881,4563
2/11/2019,3500,5150,4710,4083,3173,3763,3435,4735,3644,3571,5400,4703,3434,3670,4593
2/18/2019,3893,5150,4748,4297,3676,3699,2961,4717,3629,4108,3061,4864,3346,3893,4712
2/25/2019,3905,5150,4769,4359,4180,3794,2689,4802,3565,3884,3849,4806,3707,3750,4702
3/4/2019,3411,5150,4570,4378,4346,3892,3509,4718,3142,3622,4322,4793,3601,3823,4704
3/11/2019,3556,5150,4470,4292,4215,3948,3533,4457,3616,3557,4795,4614,3859,4032,4540
3/18/2019,3633,5150,4593,4076,4089,3762,2589,4212,3658,3747,5268,4600,3996,3361,4434
3/25/2019,4038,5150,4410,4306,3926,3817,1769,4212,4033,3717,5078,4726,4001,3361,4591
4/1/2019,4027,5150,4604,4049,4231,4209,3609,4212,4276,3790,4888,4741,4154,3361,4528
4/8/2019,4546,5150,4786,3825,4163,4442,3470,4212,4206,4009,4699,4644,4258,3361,4384
4/15/2019,4642,5150,4708,4490,4472,4518,3330,4212,4704,5002,4509,4780,4321,3361,4757
4/22/2019,3269,5150,4708,4490,4694,4293,3330,4212,4511,5256,4509,4842,4602,3361,4853
