Date,Bangalore,Belgaum,Chickkaballapura,Chikkamagalore,Hassan,Hospet,Hubli (Amaragol),Kolar,Malur,Mysore (Bandipalya),Shimoga
2010-01-04,1283.0,1250.0,1050.0,1200.0,1200.0,600.0,1200.0,1150.0,800.0,1117.0,600.0
2010-01-11,1030.0,1060.0,725.0,1200.0,1200.0,750.0,933.0,950.0,860.0,1075.0,600.0
2010-01-18,930.0,730.0,817.0,1600.0,700.0,800.0,800.0,790.0,1004.0,1125.0,600.0
2010-01-25,875.0,925.0,783.0,1167.0,900.0,800.0,867.0,875.0,830.0,1025.0,600.0
2010-02-01,748.0,925.0,650.0,967.0,850.0,775.0,746.0,970.0,834.0,890.0,600.0
2010-02-08,786.0,900.0,684.0,925.0,800.0,750.0,933.0,870.0,782.0,825.0,600.0
2010-02-15,751.0,950.0,717.0,912.0,750.0,683.0,788.0,833.0,838.0,950.0,600.0
2010-02-22,764.0,900.0,650.0,900.0,733.0,700.0,750.0,967.0,825.0,850.0,600.0
2010-03-01,650.0,831.0,584.0,850.0,700.0,700.0,600.0,1100.0,900.0,650.0,600.0
2010-03-08,725.0,762.0,517.0,800.0,400.0,733.0,650.0,825.0,700.0,660.0,600.0
2010-03-15,588.0,820.0,436.0,800.0,650.0,600.0,771.0,770.0,730.0,675.0,600.0
2010-03-22,607.0,570.0,417.0,800.0,550.0,638.0,612.0,700.0,704.0,600.0,600.0
2010-03-29,548.0,700.0,400.0,800.0,530.0,675.0,582.0,658.0,742.0,675.0,600.0
2010-04-05,645.0,850.0,350.0,867.0,525.0,694.0,819.0,567.0,738.0,600.0,600.0
2010-04-12,616.0,750.0,412.0,800.0,500.0,714.0,733.0,640.0,524.0,650.0,600.0
2010-04-19,620.0,750.0,400.0,800.0,600.0,733.0,696.0,580.0,510.0,525.0,600.0
2010-04-26,726.0,750.0,378.0,800.0,464.0,753.0,712.0,590.0,493.0,675.0,600.0
2010-05-03,700.0,750.0,483.0,800.0,504.0,772.0,713.0,660.0,630.0,788.0,600.0
2010-05-10,734.0,730.0,475.0,1200.0,608.0,700.0,716.0,650.0,635.0,850.0,600.0
2010-05-17,852.0,725.0,550.0,1000.0,678.0,667.0,672.0,860.0,675.0,831.0,608.0
2010-05-24,861.0,760.0,553.0,883.0,650.0,733.0,677.0,825.0,792.0,800.0,616.0
2010-05-31,875.0,750.0,650.0,950.0,616.0,733.0,698.0,900.0,842.0,830.0,624.0
2010-06-07,871.0,700.0,600.0,1000.0,579.0,783.0,657.0,908.0,867.0,788.0,632.0
2010-06-14,875.0,800.0,700.0,900.0,558.0,777.0,711.0,890.0,690.0,825.0,640.0
2010-06-21,1021.0,700.0,800.0,800.0,437.0,700.0,677.0,938.0,657.0,810.0,648.0
2010-06-28,1021.0,750.0,850.0,1000.0,686.0,700.0,762.0,908.0,550.0,744.0,656.0
2010-07-05,1065.0,700.0,800.0,1000.0,819.0,680.0,747.0,883.0,800.0,742.0,664.0
2010-07-12,1015.0,700.0,875.0,950.0,698.0,713.0,664.0,850.0,833.0,767.0,672.0
2010-07-19,1000.0,712.0,900.0,800.0,746.0,695.0,668.0,750.0,825.0,792.0,680.0
2010-07-26,933.0,800.0,950.0,800.0,766.0,753.0,687.0,822.0,800.0,758.0,738.0
2010-08-02,957.0,875.0,900.0,767.0,585.0,800.0,572.0,893.0,788.0,700.0,796.0
2010-08-09,933.0,950.0,975.0,790.0,858.0,700.0,668.0,1000.0,794.0,808.0,853.0
2010-08-16,887.0,900.0,850.0,750.0,702.0,710.0,540.0,925.0,800.0,800.0,911.0
2010-08-23,875.0,933.0,900.0,633.0,600.0,700.0,655.0,1246.0,800.0,750.0,969.0
2010-08-30,1038.0,970.0,885.0,595.0,533.0,700.0,697.0,1063.0,733.0,712.0,1027.0
2010-09-06,1140.0,850.0,742.0,721.0,457.0,700.0,725.0,1233.0,667.0,625.0,1084.0
2010-09-13,858.0,900.0,600.0,701.0,578.0,750.0,725.0,1037.0,600.0,762.0,1142.0
2010-09-20,1017.0,900.0,654.0,650.0,494.0,700.0,750.0,1034.0,700.0,812.0,1200.0
2010-09-27,858.0,900.0,708.0,689.0,553.0,800.0,831.0,759.0,800.0,769.0,1000.0
2010-10-04,1088.0,900.0,692.0,647.0,602.0,875.0,950.0,1194.0,900.0,800.0,550.0
2010-10-11,1000.0,900.0,675.0,709.0,567.0,900.0,908.0,930.0,800.0,908.0,630.0
2010-10-18,880.0,900.0,645.0,639.0,573.0,900.0,872.0,1082.0,700.0,1017.0,625.0
2010-10-25,988.0,800.0,711.0,700.0,580.0,880.0,875.0,954.0,600.0,825.0,620.0
2010-11-01,1020.0,900.0,732.0,770.0,578.0,900.0,831.0,850.0,667.0,825.0,650.0
2010-11-08,1182.0,900.0,900.0,776.0,605.0,890.0,975.0,999.0,733.0,825.0,717.0
2010-11-15,1400.0,888.0,685.0,803.0,836.0,850.0,1057.0,1175.0,800.0,950.0,783.0
2010-11-22,1437.0,875.0,792.0,1050.0,747.0,900.0,1154.0,1216.0,1000.0,1125.0,850.0
2010-11-29,1473.0,862.0,900.0,1000.0,1142.0,900.0,1250.0,1094.0,1033.0,1000.0,917.0
2010-12-06,1510.0,850.0,850.0,1000.0,1110.0,950.0,1112.0,1075.0,1040.0,1250.0,983.0
2010-12-13,1460.0,800.0,838.0,1100.0,1150.0,1000.0,1112.0,1217.0,1128.0,1133.0,1050.0
2010-12-20,1344.0,900.0,983.0,1000.0,1154.0,1000.0,910.0,1469.0,1050.0,1100.0,1117.0
2010-12-27,1488.0,800.0,1212.0,1000.0,1092.0,1000.0,1020.0,1330.0,1080.0,1175.0,1183.0
2011-01-03,1475.0,833.0,1012.0,1110.0,974.0,1050.0,1042.0,1106.0,1215.0,1033.0,1250.0
2011-01-10,1333.0,800.0,1031.0,1000.0,1036.0,1000.0,980.0,1282.0,1230.0,1083.0,1100.0
2011-01-17,1400.0,800.0,1050.0,1000.0,828.0,950.0,1017.0,1242.0,1150.0,1112.0,1250.0
2011-01-24,1517.0,740.0,1110.0,1025.0,1080.0,1050.0,1017.0,945.0,1075.0,1075.0,1400.0
2011-01-31,1294.0,782.0,918.0,975.0,1025.0,1000.0,975.0,1071.0,1140.0,925.0,1250.0
2011-02-07,1267.0,825.0,725.0,925.0,886.0,1000.0,873.0,1197.0,1167.0,933.0,1100.0
2011-02-14,1355.0,633.0,1000.0,1000.0,984.0,1000.0,946.0,1140.0,1080.0,962.0,1033.0
2011-02-21,1292.0,850.0,850.0,1000.0,1005.0,1000.0,852.0,1185.0,1140.0,933.0,967.0
2011-02-28,985.0,800.0,703.0,938.0,700.0,917.0,648.0,1050.0,1058.0,800.0,900.0
2011-03-07,947.0,600.0,595.0,900.0,766.0,950.0,782.0,1132.0,912.0,750.0,1000.0
2011-03-14,870.0,619.0,571.0,850.0,800.0,900.0,773.0,1079.0,852.0,825.0,1100.0
2011-03-21,876.0,638.0,548.0,800.0,687.0,1000.0,728.0,1026.0,842.0,650.0,1100.0
2011-03-28,875.0,656.0,524.0,850.0,683.0,773.0,730.0,973.0,808.0,825.0,1100.0
2011-04-04,892.0,675.0,500.0,900.0,615.0,800.0,614.0,920.0,813.0,769.0,1100.0
2011-04-11,995.0,675.0,500.0,900.0,706.0,800.0,696.0,820.0,780.0,762.0,1150.0
2011-04-18,969.0,700.0,550.0,900.0,696.0,780.0,769.0,988.0,708.0,783.0,1200.0
2011-04-25,972.0,625.0,600.0,900.0,644.0,740.0,722.0,846.0,740.0,740.0,1250.0
2011-05-02,987.0,700.0,567.0,950.0,824.0,766.0,852.0,863.0,850.0,933.0,1300.0
2011-05-09,1056.0,600.0,633.0,1000.0,737.0,793.0,810.0,1020.0,916.0,767.0,900.0
2011-05-16,1079.0,680.0,575.0,950.0,730.0,800.0,827.0,967.0,890.0,825.0,950.0
2011-05-23,1139.0,650.0,617.0,900.0,700.0,800.0,765.0,900.0,820.0,883.0,1000.0
2011-05-30,1150.0,558.0,767.0,900.0,700.0,810.0,844.0,936.0,792.0,855.0,1000.0
2011-06-06,1180.0,567.0,733.0,900.0,700.0,800.0,731.0,891.0,853.0,812.0,975.0
2011-06-13,1220.0,680.0,639.0,900.0,700.0,825.0,825.0,967.0,880.0,772.0,950.0
2011-06-20,1245.0,550.0,850.0,900.0,704.0,840.0,786.0,1019.0,840.0,733.0,975.0
2011-06-27,1291.0,650.0,670.0,950.0,708.0,800.0,796.0,1007.0,857.0,830.0,962.0
2011-07-04,1212.0,720.0,625.0,900.0,795.0,750.0,748.0,914.0,872.0,831.0,950.0
2011-07-11,1206.0,760.0,692.0,900.0,914.0,780.0,785.0,810.0,912.0,800.0,1100.0
2011-07-18,1218.0,650.0,665.0,933.0,849.0,825.0,773.0,875.0,910.0,806.0,900.0
2011-07-25,1355.0,650.0,660.0,950.0,718.0,765.0,773.0,903.0,901.0,892.0,900.0
2011-08-01,1128.0,725.0,578.0,1000.0,935.0,750.0,752.0,758.0,837.0,850.0,925.0
2011-08-08,980.0,650.0,750.0,1000.0,839.0,785.0,714.0,870.0,840.0,842.0,950.0
2011-08-15,905.0,600.0,800.0,835.0,672.0,800.0,714.0,733.0,844.0,892.0,980.0
2011-08-22,1113.0,560.0,717.0,684.0,541.0,800.0,796.0,829.0,847.0,710.0,980.0
2011-08-29,838.0,650.0,650.0,700.0,555.0,800.0,790.0,853.0,850.0,706.0,980.0
2011-09-05,1112.0,660.0,788.0,775.0,587.0,750.0,912.0,1110.0,1000.0,900.0,980.0
2011-09-12,1208.0,820.0,716.0,800.0,629.0,775.0,940.0,1201.0,988.0,833.0,980.0
2011-09-19,1140.0,650.0,850.0,717.0,686.0,800.0,795.0,1307.0,977.0,956.0,980.0
2011-09-26,1005.0,690.0,755.0,750.0,604.0,850.0,814.0,1430.0,965.0,869.0,1030.0
2011-10-03,1016.0,775.0,750.0,801.0,752.0,800.0,780.0,1169.0,953.0,838.0,1029.0
2011-10-10,1113.0,800.0,825.0,775.0,472.0,740.0,765.0,1179.0,942.0,875.0,1029.0
2011-10-17,964.0,675.0,793.0,864.0,735.0,850.0,660.0,1136.0,930.0,833.0,1028.0
2011-10-24,997.0,700.0,733.0,798.0,710.0,762.0,592.0,991.0,1002.0,819.0,1028.0
2011-10-31,1048.0,750.0,759.0,775.0,673.0,725.0,733.0,1093.0,1075.0,842.0,1027.0
2011-11-07,1155.0,760.0,875.0,873.0,744.0,750.0,731.0,1200.0,975.0,850.0,1026.0
2011-11-14,1192.0,650.0,938.0,950.0,579.0,800.0,760.0,1186.0,1002.0,858.0,1026.0
2011-11-21,1127.0,650.0,775.0,896.0,736.0,695.0,579.0,1179.0,1029.0,688.0,1025.0
2011-11-28,1212.0,700.0,939.0,820.0,475.0,775.0,659.0,1050.0,908.0,656.0,1000.0
2011-12-05,1232.0,575.0,836.0,872.0,554.0,733.0,570.0,1171.0,914.0,650.0,1000.0
2011-12-12,1104.0,640.0,730.0,840.0,576.0,800.0,550.0,1000.0,982.0,717.0,1000.0
2011-12-19,1113.0,550.0,740.0,820.0,450.0,767.0,533.0,854.0,884.0,717.0,1000.0
2011-12-26,1027.0,500.0,731.0,904.0,568.0,750.0,676.0,758.0,797.0,675.0,950.0
2012-01-02,981.0,550.0,708.0,889.0,572.0,775.0,567.0,843.0,814.0,725.0,950.0
2012-01-09,1028.0,490.0,685.0,862.0,604.0,650.0,728.0,836.0,852.0,704.0,750.0
2012-01-16,934.0,588.0,649.0,867.0,662.0,638.0,661.0,771.0,828.0,706.0,850.0
2012-01-23,978.0,550.0,691.0,1000.0,612.0,626.0,770.0,769.0,827.0,683.0,950.0
2012-01-30,979.0,660.0,755.0,962.0,600.0,762.0,680.0,870.0,806.0,665.0,900.0
2012-02-06,1046.0,540.0,767.0,966.0,651.0,800.0,811.0,900.0,866.0,783.0,950.0
2012-02-13,985.0,540.0,700.0,958.0,748.0,615.0,730.0,607.0,916.0,680.0,950.0
2012-02-20,843.0,570.0,500.0,900.0,479.0,725.0,730.0,829.0,900.0,650.0,950.0
2012-02-27,857.0,620.0,490.0,988.0,682.0,593.0,716.0,883.0,828.0,625.0,800.0
2012-03-05,866.0,675.0,480.0,925.0,883.0,704.0,736.0,879.0,853.0,696.0,950.0
2012-03-12,863.0,750.0,567.0,900.0,722.0,615.0,802.0,771.0,837.0,656.0,900.0
2012-03-19,880.0,690.0,587.0,825.0,635.0,492.0,933.0,757.0,798.0,838.0,900.0
2012-03-26,925.0,630.0,550.0,967.0,648.0,625.0,825.0,892.0,796.0,862.0,950.0
2012-04-02,1012.0,575.0,567.0,1000.0,754.0,598.0,1010.0,886.0,828.0,945.0,1000.0
2012-04-09,1056.0,654.0,583.0,1200.0,701.0,595.0,1100.0,871.0,815.0,950.0,1050.0
2012-04-16,1211.0,775.0,650.0,1162.0,850.0,676.0,1145.0,957.0,800.0,1175.0,1012.0
2012-04-23,1242.0,850.0,760.0,1198.0,723.0,800.0,1246.0,1071.0,788.0,1369.0,975.0
2012-04-30,1485.0,975.0,967.0,1347.0,848.0,623.0,1270.0,1062.0,864.0,1219.0,1000.0
2012-05-07,1812.0,950.0,1012.0,1225.0,1178.0,750.0,1340.0,1343.0,831.0,1220.0,1100.0
2012-05-14,1708.0,1020.0,950.0,1407.0,1114.0,745.0,1192.0,1357.0,912.0,1344.0,1150.0
2012-05-21,1632.0,975.0,900.0,1385.0,1300.0,800.0,1167.0,1300.0,916.0,1075.0,1375.0
2012-05-28,1598.0,1050.0,933.0,1450.0,1283.0,820.0,1338.0,1686.0,943.0,1375.0,950.0
2012-06-04,1564.0,1040.0,1025.0,1425.0,1300.0,850.0,1230.0,1371.0,908.0,1325.0,1250.0
2012-06-11,1552.0,1000.0,887.0,1400.0,1230.0,900.0,1268.0,1229.0,912.0,1475.0,1100.0
2012-06-18,1622.0,1225.0,883.0,1470.0,1196.0,800.0,1314.0,1609.0,880.0,1445.0,1100.0
2012-06-25,1685.0,1050.0,950.0,1403.0,1117.0,750.0,1345.0,1457.0,973.0,1388.0,1500.0
2012-07-02,1783.0,1175.0,760.0,1300.0,1080.0,1000.0,1325.0,1414.0,845.0,1367.0,1550.0
2012-07-09,1820.0,1300.0,850.0,1600.0,1040.0,820.0,1355.0,1486.0,890.0,1430.0,1300.0
2012-07-16,1895.0,1275.0,1000.0,1567.0,939.0,850.0,1415.0,1729.0,800.0,1588.0,1400.0
2012-07-23,1933.0,1288.0,880.0,1528.0,913.0,910.0,1488.0,1729.0,1025.0,1588.0,1400.0
2012-07-30,1800.0,1467.0,883.0,1660.0,1294.0,1000.0,1513.0,1714.0,935.0,1588.0,1350.0
2012-08-06,1877.0,1430.0,980.0,1665.0,1410.0,900.0,1720.0,1729.0,1120.0,1775.0,1800.0
2012-08-13,1810.0,1611.0,1067.0,1650.0,1140.0,960.0,1580.0,1714.0,1000.0,1467.0,2050.0
2012-08-20,1733.0,1600.0,1025.0,1500.0,1000.0,930.0,1550.0,1743.0,1000.0,1650.0,1800.0
2012-08-27,1597.0,1550.0,1233.0,1450.0,1264.0,900.0,1525.0,1943.0,1000.0,1567.0,1610.0
2012-09-03,1658.0,1550.0,1500.0,1400.0,1076.0,900.0,1530.0,1829.0,1062.0,1450.0,1717.0
2012-09-10,1690.0,1540.0,1300.0,1467.0,1109.0,935.0,1404.0,1800.0,1125.0,1683.0,1100.0
2012-09-17,1433.0,1450.0,1200.0,1431.0,1102.0,970.0,1367.0,1671.0,1188.0,1550.0,1125.0
2012-09-24,1562.0,1260.0,1250.0,1364.0,1000.0,800.0,1330.0,1771.0,1250.0,1450.0,1150.0
2012-10-01,1335.0,1200.0,1150.0,1393.0,1090.0,1000.0,1254.0,1850.0,1312.0,1317.0,1075.0
2012-10-08,1562.0,1060.0,1000.0,1175.0,1250.0,950.0,1180.0,1900.0,1375.0,1450.0,1875.0
2012-10-15,1462.0,1020.0,1120.0,1317.0,1024.0,1000.0,1240.0,1757.0,1438.0,1283.0,1900.0
2012-10-22,1492.0,975.0,1200.0,1267.0,1077.0,925.0,1158.0,1714.0,1500.0,1275.0,1900.0
2012-10-29,1650.0,1100.0,1200.0,1300.0,1182.0,1000.0,1325.0,1800.0,1375.0,1356.0,1900.0
2012-11-05,1700.0,1220.0,1417.0,1383.0,1075.0,1000.0,1310.0,1857.0,1250.0,1438.0,1900.0
2012-11-12,1862.0,1220.0,1367.0,1300.0,1195.0,900.0,1300.0,1786.0,1125.0,1375.0,1900.0
2012-11-19,1636.0,1133.0,1367.0,1330.0,1014.0,940.0,1300.0,1914.0,1000.0,1483.0,1900.0
2012-11-26,2033.0,1250.0,1350.0,1405.0,1062.0,955.0,1320.0,1986.0,866.0,983.0,1900.0
2012-12-03,2300.0,1400.0,1388.0,1350.0,1109.0,970.0,1320.0,1986.0,733.0,1383.0,1900.0
2012-12-10,2240.0,1420.0,1500.0,1323.0,998.0,1000.0,1283.0,1857.0,1206.0,1467.0,1900.0
2012-12-17,1925.0,1450.0,1160.0,1350.0,1268.0,1200.0,1242.0,1771.0,1348.0,1340.0,1900.0
2012-12-24,1933.0,1483.0,1060.0,1225.0,1150.0,1033.0,1025.0,1579.0,1293.0,900.0,1900.0
2012-12-31,2000.0,1350.0,1250.0,1375.0,945.0,1000.0,1400.0,1686.0,1284.0,1450.0,1900.0
2013-01-07,1942.0,1300.0,1212.0,1125.0,1280.0,975.0,1317.0,1767.0,1278.0,1433.0,1900.0
2013-01-14,1700.0,1240.0,1270.0,1270.0,1295.0,950.0,1406.0,1657.0,1260.0,1488.0,1900.0
2013-01-21,1892.0,1250.0,1112.0,1420.0,1120.0,1025.0,1367.0,1629.0,1258.0,1460.0,1900.0
2013-01-28,1750.0,1250.0,1400.0,1400.0,1200.0,900.0,1338.0,1571.0,1346.0,1100.0,1900.0
2013-02-04,1708.0,1250.0,1233.0,1275.0,1251.0,1084.0,1333.0,1386.0,1277.0,1050.0,1900.0
2013-02-11,1550.0,1276.0,1067.0,1307.0,1099.0,1267.0,1300.0,1286.0,1320.0,1100.0,1900.0
2013-02-18,1408.0,1150.0,883.0,1339.0,1046.0,1200.0,1183.0,1300.0,1260.0,1317.0,1900.0
2013-02-25,1360.0,1115.0,917.0,1205.0,1344.0,1050.0,1306.0,1300.0,1258.0,1250.0,1900.0
2013-03-04,1196.0,1025.0,875.0,1215.0,1097.0,1100.0,1058.0,1192.0,1258.0,1100.0,1900.0
2013-03-11,1290.0,1050.0,500.0,1182.0,1098.0,1100.0,1125.0,1071.0,1198.0,900.0,1900.0
2013-03-18,1346.0,975.0,950.0,1150.0,1019.0,1000.0,1104.0,1100.0,1082.0,1094.0,1900.0
2013-03-25,1379.0,975.0,925.0,1000.0,771.0,1150.0,1083.0,1107.0,1137.0,1100.0,1900.0
2013-04-01,1425.0,1060.0,988.0,1160.0,1100.0,1000.0,1305.0,1229.0,1092.0,1250.0,1900.0
2013-04-08,1449.0,1040.0,825.0,1258.0,1205.0,1100.0,1192.0,1186.0,1145.0,1375.0,1900.0
2013-04-15,1525.0,1030.0,833.0,1355.0,1005.0,1200.0,1381.0,1229.0,1165.0,1394.0,1900.0
2013-04-22,1568.0,1250.0,900.0,1452.0,1280.0,1100.0,1542.0,1229.0,1213.0,1412.0,1900.0
2013-04-29,1640.0,1215.0,867.0,1550.0,1356.0,1100.0,1360.0,1543.0,1160.0,1431.0,1900.0
2013-05-06,1670.0,1215.0,1000.0,1544.0,1426.0,1033.0,1330.0,1429.0,1150.0,1450.0,1900.0
2013-05-13,1675.0,1240.0,1217.0,1538.0,929.0,1000.0,1375.0,1329.0,1278.0,1200.0,1900.0
2013-05-20,1633.0,1250.0,950.0,1531.0,1300.0,1083.0,1325.0,1257.0,1285.0,1450.0,1900.0
2013-05-27,1625.0,1230.0,1000.0,1525.0,1300.0,1100.0,1250.0,1300.0,1297.0,1075.0,1900.0
2013-06-03,1598.0,1275.0,917.0,1519.0,1300.0,1066.0,1283.0,1243.0,1317.0,1000.0,1900.0
2013-06-10,1728.0,1338.0,1100.0,1512.0,1300.0,1033.0,1360.0,1193.0,1374.0,1388.0,1900.0
2013-06-17,1606.0,1170.0,1100.0,1506.0,1300.0,1133.0,1258.0,1329.0,1342.0,1400.0,1900.0
2013-06-24,1633.0,1175.0,1180.0,1500.0,1386.0,1150.0,1250.0,1076.0,1410.0,1217.0,1900.0
2013-07-01,1720.0,1150.0,950.0,1225.0,1168.0,1225.0,1292.0,1129.0,1560.0,1475.0,1900.0
2013-07-08,1829.0,1180.0,1267.0,1350.0,1561.0,1100.0,1375.0,1297.0,1602.0,1500.0,1900.0
2013-07-15,1780.0,1150.0,1333.0,1392.0,1412.0,1167.0,1133.0,1350.0,1447.0,1450.0,1900.0
2013-07-22,1625.0,950.0,1033.0,1433.0,1363.0,1200.0,1117.0,1293.0,1665.0,1325.0,1900.0
2013-07-29,1475.0,950.0,1450.0,1475.0,1314.0,1200.0,1025.0,986.0,1580.0,1338.0,1900.0
2013-08-05,1450.0,951.0,1267.0,1396.0,1250.0,1200.0,1050.0,1250.0,1579.0,1269.0,1896.0
2013-08-12,1403.0,952.0,1083.0,1316.0,1202.0,1333.0,869.0,1230.0,1579.0,1200.0,1893.0
2013-08-19,1356.0,953.0,900.0,1237.0,1154.0,1200.0,688.0,1210.0,1578.0,1131.0,1889.0
2013-08-26,1309.0,954.0,896.0,1157.0,1105.0,1133.0,781.0,1190.0,1577.0,1062.0,1885.0
2013-09-02,1262.0,956.0,892.0,1078.0,1057.0,1600.0,873.0,1170.0,1577.0,993.0,1882.0
2013-09-09,1216.0,957.0,888.0,998.0,1009.0,1200.0,966.0,1150.0,1576.0,924.0,1878.0
2013-09-16,1169.0,958.0,883.0,919.0,960.0,1200.0,1059.0,1130.0,1575.0,855.0,1874.0
2013-09-23,1122.0,959.0,879.0,839.0,912.0,1250.0,1151.0,1110.0,1575.0,786.0,1871.0
2013-09-30,1075.0,960.0,875.0,760.0,864.0,1300.0,1244.0,1090.0,1574.0,717.0,1867.0
2013-10-07,1100.0,900.0,950.0,860.0,700.0,950.0,1175.0,1167.0,1573.0,725.0,1900.0
2013-10-14,1162.0,931.0,1125.0,907.0,793.0,975.0,1201.0,1198.0,1573.0,806.0,1915.0
2013-10-21,1223.0,962.0,1300.0,953.0,887.0,1000.0,1228.0,1230.0,1572.0,888.0,1931.0
2013-10-28,1285.0,992.0,1475.0,1000.0,980.0,1050.0,1254.0,1261.0,1572.0,969.0,1946.0
2013-11-04,1346.0,1023.0,1650.0,1047.0,1074.0,1175.0,1280.0,1293.0,1571.0,1051.0,1962.0
2013-11-11,1408.0,1054.0,1825.0,1093.0,1167.0,1300.0,1307.0,1324.0,1570.0,1132.0,1977.0
2013-11-18,1469.0,1085.0,2000.0,1140.0,1261.0,1550.0,1333.0,1355.0,1570.0,1213.0,1992.0
2013-11-25,1531.0,1115.0,2000.0,1187.0,1354.0,1100.0,1359.0,1387.0,1569.0,1295.0,2008.0
2013-12-02,1592.0,1146.0,2200.0,1234.0,1447.0,1400.0,1385.0,1418.0,1568.0,1376.0,2023.0
2013-12-09,1654.0,1177.0,2300.0,1280.0,1541.0,1300.0,1412.0,1449.0,1568.0,1457.0,2038.0
2013-12-16,1715.0,1208.0,2300.0,1327.0,1634.0,1300.0,1438.0,1481.0,1567.0,1539.0,2054.0
2013-12-23,1777.0,1238.0,1500.0,1374.0,1728.0,1300.0,1464.0,1512.0,1566.0,1620.0,2069.0
2013-12-30,1838.0,1269.0,1488.0,1420.0,1821.0,1300.0,1491.0,1544.0,1566.0,1702.0,2085.0
2014-01-06,1900.0,1300.0,1475.0,1467.0,1915.0,1200.0,1517.0,1575.0,1565.0,1783.0,2100.0
2014-01-13,1610.0,1125.0,1250.0,1600.0,2008.0,1100.0,1158.0,1528.0,1612.0,1550.0,2100.0
2014-01-20,1425.0,1145.0,1125.0,1150.0,1000.0,1133.0,1325.0,1507.0,1435.0,1250.0,2100.0
2014-01-27,1292.0,1018.0,1083.0,1100.0,1200.0,1200.0,1060.0,1350.0,1513.0,1180.0,1980.0
2014-02-03,1175.0,975.0,1000.0,1000.0,899.0,1000.0,1050.0,1093.0,1455.0,1525.0,1750.0
2014-02-10,1292.0,972.0,967.0,1044.0,598.0,1075.0,1000.0,1236.0,1526.0,950.0,1705.0
2014-02-17,1217.0,1050.0,950.0,1089.0,794.0,1075.0,1060.0,1179.0,1370.0,995.0,1660.0
2014-02-24,1218.0,1108.0,983.0,1133.0,1100.0,1200.0,1267.0,1157.0,1327.0,1092.0,1580.0
2014-03-03,1279.0,1124.0,1017.0,1178.0,874.0,1067.0,1320.0,1186.0,1256.0,1112.0,1850.0
2014-03-10,1388.0,1125.0,1125.0,1222.0,972.0,1000.0,1342.0,1129.0,1281.0,1300.0,1900.0
2014-03-17,1346.0,1112.0,1033.0,1267.0,1070.0,1000.0,1233.0,1036.0,1275.0,1250.0,1900.0
2014-03-24,1358.0,1130.0,1067.0,1311.0,1167.0,1075.0,1280.0,1057.0,1246.0,1294.0,1660.0
2014-03-31,1420.0,1150.0,1133.0,1356.0,1265.0,983.0,1320.0,1100.0,1274.0,1337.0,1900.0
2014-04-07,1583.0,1165.0,1233.0,1400.0,1363.0,1100.0,1492.0,1286.0,1343.0,1381.0,1900.0
2014-04-14,1817.0,1200.0,1467.0,1444.0,1461.0,1125.0,1590.0,1650.0,1310.0,1700.0,1917.0
2014-04-21,1850.0,1260.0,1433.0,1489.0,1559.0,1150.0,1612.0,1700.0,1382.0,1200.0,1900.0
2014-04-28,1975.0,1230.0,1433.0,1533.0,1657.0,1250.0,1583.0,1867.0,1340.0,800.0,1900.0
2014-05-05,2012.0,1227.0,1633.0,1578.0,1754.0,1250.0,1750.0,1940.0,1300.0,1875.0,1900.0
2014-05-12,2110.0,1332.0,1750.0,1622.0,1852.0,1300.0,1650.0,1940.0,1347.0,1853.0,1900.0
2014-05-19,2242.0,1195.0,1800.0,1667.0,1950.0,1300.0,1708.0,2033.0,1435.0,1831.0,2300.0
2014-05-26,2217.0,1350.0,1800.0,1711.0,2000.0,1375.0,1688.0,2000.0,1456.0,1800.0,2300.0
2014-06-02,2200.0,1265.0,1800.0,1756.0,2000.0,1300.0,1710.0,2175.0,1625.0,1700.0,2340.0
2014-06-09,1980.0,1238.0,1700.0,1800.0,2000.0,1100.0,1710.0,2000.0,1220.0,1768.0,2400.0
2014-06-16,2270.0,1215.0,1683.0,1967.0,1224.0,1500.0,1830.0,1850.0,1823.0,1835.0,2400.0
2014-06-23,2458.0,1280.0,1900.0,1900.0,1670.0,1433.0,1792.0,1600.0,1893.0,1902.0,2400.0
2014-06-30,2292.0,1230.0,2000.0,2050.0,1492.0,1433.0,1860.0,1783.0,2054.0,1970.0,2400.0
2014-07-07,2025.0,1196.0,2200.0,2062.0,1712.0,1650.0,1925.0,2000.0,2012.0,1912.0,2400.0
2014-07-14,2170.0,1336.0,2250.0,2250.0,1651.0,1500.0,1775.0,1800.0,1777.0,1950.0,2600.0
2014-07-21,2267.0,1290.0,2200.0,2000.0,1645.0,1650.0,2050.0,1867.0,2000.0,2010.0,2900.0
2014-07-28,2300.0,1377.0,2200.0,2133.0,2087.0,1550.0,2050.0,1912.0,2000.0,2050.0,2500.0
2014-08-04,2280.0,1500.0,2200.0,2100.0,2100.0,1550.0,2090.0,1850.0,2000.0,2000.0,2475.0
2014-08-11,2280.0,1506.0,2400.0,1800.0,1792.0,1650.0,2167.0,2000.0,2000.0,2600.0,3150.0
2014-08-18,2260.0,1536.0,2200.0,1800.0,1228.0,1433.0,2390.0,1930.0,2000.0,2125.0,2900.0
2014-08-25,2310.0,1492.0,2100.0,1500.0,1841.0,1600.0,2092.0,2100.0,2000.0,1750.0,2900.0
2014-09-01,2275.0,1560.0,2175.0,1750.0,1243.0,1650.0,2330.0,1933.0,2000.0,1792.0,2820.0
2014-09-08,2550.0,1558.0,2150.0,1733.0,1228.0,1725.0,2283.0,2133.0,2000.0,1833.0,2900.0
2014-09-15,2540.0,1775.0,2133.0,1900.0,1268.0,1825.0,2125.0,1933.0,2000.0,2100.0,2900.0
2014-09-22,2342.0,1450.0,2117.0,1960.0,1481.0,1625.0,2392.0,1950.0,2000.0,1767.0,2900.0
2014-09-29,2460.0,1600.0,2150.0,2040.0,1572.0,1550.0,2390.0,2133.0,2000.0,2036.0,2900.0
2014-10-06,2500.0,1490.0,2188.0,1800.0,1454.0,1600.0,2450.0,2200.0,2000.0,2306.0,2900.0
2014-10-13,2300.0,1380.0,2225.0,2000.0,1566.0,1600.0,2433.0,2266.0,2000.0,2575.0,2900.0
2014-10-20,2283.0,1400.0,2200.0,2033.0,1678.0,1600.0,2350.0,2333.0,2000.0,2600.0,2900.0
2014-10-27,2488.0,1450.0,2162.0,2000.0,1189.0,1550.0,2288.0,2300.0,2000.0,2500.0,2900.0
2014-11-03,2725.0,1476.0,2200.0,2200.0,1908.0,1750.0,2658.0,2800.0,2000.0,2400.0,2900.0
2014-11-10,2588.0,1500.0,2100.0,2150.0,2175.0,1800.0,2460.0,3500.0,2000.0,2250.0,2900.0
2014-11-17,2450.0,1520.0,2175.0,2100.0,1774.0,1850.0,2450.0,2840.0,2000.0,2100.0,2900.0
2014-11-24,2400.0,1250.0,2050.0,2000.0,1549.0,1667.0,2625.0,2180.0,2000.0,2300.0,2900.0
2014-12-01,2200.0,1320.0,2112.0,2700.0,1478.0,1775.0,2583.0,2088.0,2000.0,1900.0,2900.0
2014-12-08,2625.0,1354.0,2058.0,2520.0,2322.0,1750.0,2633.0,1995.0,1983.0,1875.0,2900.0
2014-12-15,1533.0,1387.0,1990.0,2340.0,2534.0,2100.0,2040.0,1902.0,2000.0,1850.0,2900.0
2014-12-22,980.0,1421.0,2000.0,2160.0,1822.0,1867.0,2042.0,1810.0,1733.0,1767.0,2900.0
2014-12-29,1140.0,1454.0,1540.0,1980.0,1780.0,1725.0,1792.0,1718.0,1554.0,1706.0,2900.0
2015-01-05,1608.0,1488.0,1550.0,1800.0,1604.0,1600.0,1833.0,1625.0,1428.0,1644.0,2900.0
2015-01-12,1850.0,1460.0,1780.0,1675.0,1648.0,1500.0,1542.0,1600.0,1495.0,1583.0,2900.0
2015-01-19,1760.0,1420.0,1930.0,2000.0,1546.0,1750.0,1540.0,1727.0,1470.0,1554.0,2900.0
2015-01-26,1870.0,1300.0,1800.0,1667.0,1361.0,1550.0,1292.0,1650.0,1564.0,1525.0,2900.0
2015-02-02,1683.0,1273.0,1400.0,1840.0,1246.0,1533.0,1250.0,1500.0,1473.0,1050.0,2900.0
2015-02-09,1775.0,1218.0,1250.0,1275.0,1050.0,1633.0,1092.0,1500.0,1472.0,1070.0,1900.0
2015-02-16,1420.0,1215.0,1225.0,1260.0,1070.0,1500.0,1217.0,1200.0,1478.0,970.0,1900.0
2015-02-23,1590.0,1100.0,1100.0,1050.0,1075.0,1600.0,1042.0,1200.0,1366.0,1275.0,1900.0
2015-03-02,1525.0,1000.0,1080.0,1067.0,1018.0,1600.0,1017.0,1200.0,1302.0,825.0,1900.0
2015-03-09,1483.0,1175.0,1033.0,1500.0,1055.0,1600.0,1138.0,1182.0,1318.0,1040.0,1900.0
2015-03-16,1510.0,1275.0,1100.0,1500.0,930.0,1250.0,1070.0,1150.0,1352.0,1150.0,1900.0
2015-03-23,1320.0,1080.0,1100.0,1500.0,1000.0,1700.0,883.0,1100.0,1280.0,950.0,1900.0
2015-03-30,1275.0,1200.0,875.0,1050.0,910.0,1267.0,792.0,1117.0,1292.0,825.0,1900.0
2015-04-06,1262.0,1150.0,700.0,800.0,1038.0,1000.0,910.0,950.0,1262.0,1033.0,1900.0
2015-04-13,1300.0,1080.0,767.0,800.0,814.0,1000.0,800.0,1100.0,1260.0,883.0,1900.0
2015-04-20,1240.0,1160.0,900.0,1400.0,911.0,900.0,817.0,1100.0,1264.0,912.0,1400.0
2015-04-27,1310.0,1130.0,867.0,1000.0,956.0,1150.0,833.0,1300.0,1228.0,875.0,1425.0
2015-05-04,1275.0,1150.0,900.0,2000.0,978.0,1100.0,833.0,1100.0,1205.0,838.0,1467.0
2015-05-11,1330.0,940.0,900.0,1267.0,1000.0,1000.0,883.0,1100.0,1278.0,800.0,1400.0
2015-05-18,1375.0,950.0,810.0,1050.0,1000.0,1140.0,875.0,1100.0,1245.0,750.0,1400.0
2015-05-25,1483.0,900.0,800.0,1000.0,992.0,1067.0,975.0,1600.0,1198.0,767.0,1400.0
2015-06-01,1400.0,990.0,900.0,1000.0,950.0,1200.0,825.0,1450.0,1158.0,812.0,1400.0
2015-06-08,1567.0,940.0,1000.0,1100.0,900.0,1167.0,947.0,1525.0,1179.0,925.0,1400.0
2015-06-15,1400.0,1000.0,1000.0,1111.0,869.0,1267.0,1010.0,1600.0,1139.0,940.0,1525.0
2015-06-22,1600.0,850.0,1000.0,1122.0,840.0,1367.0,1083.0,1800.0,1125.0,790.0,1900.0
2015-06-29,1500.0,950.0,938.0,1133.0,961.0,1067.0,938.0,1450.0,1047.0,925.0,1900.0
2015-07-06,1442.0,850.0,1000.0,1080.0,875.0,1100.0,808.0,1100.0,1032.0,900.0,1900.0
2015-07-13,1350.0,940.0,900.0,1000.0,985.0,1167.0,840.0,1112.0,1123.0,900.0,1900.0
2015-07-20,1375.0,925.0,900.0,1100.0,894.0,1200.0,862.0,1125.0,1157.0,900.0,1900.0
2015-07-27,1412.0,800.0,850.0,1000.0,900.0,1133.0,900.0,1138.0,1120.0,938.0,1900.0
2015-08-03,1350.0,960.0,800.0,867.0,1000.0,1050.0,850.0,1150.0,1125.0,900.0,1800.0
2015-08-10,1300.0,992.0,900.0,800.0,738.0,1100.0,900.0,1112.0,1120.0,825.0,1220.0
2015-08-17,1290.0,984.0,850.0,800.0,840.0,967.0,860.0,1075.0,1100.0,750.0,1260.0
2015-08-24,1320.0,950.0,1045.0,933.0,700.0,1067.0,885.0,1038.0,1053.0,992.0,1300.0
2015-08-31,1300.0,1050.0,1080.0,800.0,700.0,1100.0,866.0,1000.0,1526.0,1000.0,1300.0
2015-09-07,1300.0,850.0,1085.0,833.0,717.0,1033.0,962.0,1000.0,2000.0,1000.0,1300.0
2015-09-14,1300.0,1160.0,1083.0,1120.0,700.0,1200.0,917.0,950.0,1832.0,800.0,1300.0
2015-09-21,1200.0,988.0,1165.0,967.0,981.0,1050.0,850.0,900.0,1665.0,917.0,1300.0
2015-09-28,1120.0,1060.0,1075.0,1500.0,678.0,1000.0,883.0,850.0,1498.0,950.0,1300.0
2015-10-05,1100.0,1100.0,1100.0,1300.0,680.0,1100.0,900.0,800.0,1330.0,900.0,1300.0
2015-10-12,1275.0,1120.0,1125.0,1000.0,704.0,1100.0,1063.0,750.0,1330.0,950.0,1300.0
2015-10-19,1250.0,867.0,1096.0,1000.0,900.0,1125.0,1058.0,950.0,1330.0,1050.0,1300.0
2015-10-26,1267.0,1000.0,1133.0,733.0,894.0,1067.0,1100.0,1052.0,1396.0,1125.0,1300.0
2015-11-02,1300.0,860.0,1125.0,1150.0,850.0,1067.0,1220.0,1600.0,1462.0,1200.0,1300.0
2015-11-09,1312.0,868.0,1083.0,1220.0,769.0,967.0,1200.0,1600.0,1528.0,1300.0,1300.0
2015-11-16,1433.0,975.0,1120.0,1267.0,733.0,1000.0,1180.0,1600.0,1594.0,5300.0,1300.0
2015-11-23,1333.0,940.0,1269.0,1200.0,1000.0,1133.0,1233.0,1600.0,1660.0,1233.0,1300.0
2015-11-30,1300.0,1012.0,1150.0,1660.0,935.0,1200.0,992.0,1400.0,1731.0,1300.0,1300.0
2015-12-07,1217.0,950.0,1060.0,1300.0,775.0,1067.0,950.0,1200.0,1458.0,1400.0,1300.0
2015-12-14,1230.0,952.0,1096.0,1240.0,800.0,1250.0,1083.0,1200.0,1484.0,1200.0,1300.0
2015-12-21,1242.0,895.0,1075.0,1040.0,800.0,1100.0,1067.0,1033.0,1245.0,1300.0,1300.0
2015-12-28,1300.0,930.0,1075.0,1000.0,950.0,1150.0,1130.0,1000.0,1180.0,1150.0,1300.0
2016-01-04,1325.0,887.0,1075.0,933.0,950.0,1300.0,1042.0,1150.0,1188.0,1167.0,1300.0
2016-01-11,1440.0,960.0,1067.0,1000.0,864.0,1200.0,1210.0,1225.0,1052.0,1200.0,1750.0
2016-01-18,1440.0,956.0,1000.0,1000.0,1000.0,1200.0,1190.0,1300.0,1052.0,1120.0,1900.0
2016-01-25,1408.0,1025.0,1000.0,1000.0,965.0,1200.0,1130.0,1300.0,1117.0,1150.0,1900.0
2016-02-01,1300.0,1000.0,1000.0,1000.0,1004.0,1300.0,965.0,1300.0,1134.0,1175.0,1900.0
2016-02-08,1350.0,1000.0,1000.0,1000.0,1044.0,1150.0,800.0,1300.0,1150.0,1200.0,1900.0
2016-02-15,1250.0,995.0,1000.0,1000.0,1083.0,1100.0,983.0,1300.0,1139.0,1200.0,1900.0
2016-02-22,1408.0,1015.0,1233.0,1000.0,1122.0,1100.0,1117.0,1400.0,1090.0,1200.0,1900.0
2016-02-29,1450.0,1030.0,950.0,1150.0,1165.0,1050.0,1204.0,1500.0,1067.0,1200.0,1900.0
2016-03-07,1490.0,1088.0,900.0,1200.0,1089.0,1200.0,1156.0,1400.0,1065.0,1200.0,1900.0
2016-03-14,1480.0,1048.0,1433.0,1033.0,1088.0,1200.0,1265.0,1300.0,1076.0,1095.0,1900.0
2016-03-21,1383.0,1095.0,700.0,1300.0,1279.0,1150.0,1142.0,1225.0,1091.0,990.0,1900.0
2016-03-28,1390.0,1120.0,738.0,1240.0,1284.0,1100.0,1188.0,1150.0,1056.0,1188.0,1900.0
2016-04-04,1467.0,1250.0,800.0,1133.0,1153.0,1200.0,1300.0,1002.0,1002.0,1200.0,1900.0
2016-04-11,1625.0,1190.0,800.0,1350.0,1131.0,1200.0,1342.0,1000.0,1126.0,1250.0,1900.0
2016-04-18,1680.0,1196.0,967.0,1500.0,1400.0,1050.0,1442.0,1167.0,1075.0,1325.0,1900.0
2016-04-25,1762.0,1170.0,1100.0,1167.0,1100.0,1200.0,1475.0,1333.0,1100.0,1200.0,1900.0
2016-05-02,1771.0,1160.0,1075.0,1667.0,1356.0,1200.0,1496.0,1500.0,1064.0,1300.0,1900.0
2016-05-09,1738.0,1168.0,1438.0,1600.0,1288.0,1200.0,1505.0,1500.0,1005.0,1288.0,1900.0
2016-05-16,1860.0,1250.0,1800.0,2000.0,1257.0,1200.0,1538.0,1500.0,1156.0,1275.0,1900.0
2016-05-23,1983.0,1145.0,1750.0,1567.0,1382.0,1133.0,1490.0,1500.0,1053.0,1338.0,1900.0
2016-05-30,1933.0,1195.0,1325.0,2000.0,1417.0,1350.0,1579.0,1500.0,1145.0,1371.0,1900.0
2016-06-06,1842.0,1115.0,1367.0,2000.0,1400.0,1250.0,1588.0,1547.0,1238.0,1440.0,2220.0
2016-06-13,1740.0,1204.0,1775.0,1814.0,1400.0,1400.0,1707.0,1594.0,1330.0,1320.0,2300.0
2016-06-20,2025.0,1210.0,1800.0,1925.0,1400.0,1367.0,1691.0,1641.0,1600.0,1200.0,2300.0
2016-06-27,1904.0,1245.0,1550.0,1891.0,1400.0,1300.0,1683.0,1688.0,2000.0,1420.0,2300.0
2016-07-04,1875.0,1250.0,1850.0,1925.0,1400.0,1500.0,1696.0,1735.0,1750.0,1475.0,2300.0
2016-07-11,2075.0,1295.0,1850.0,1892.0,1533.0,1433.0,1810.0,1800.0,1500.0,1431.0,2300.0
2016-07-18,2050.0,1385.0,1388.0,1895.0,1775.0,1300.0,1812.0,1300.0,1750.0,1425.0,2300.0
2016-07-25,2092.0,1095.0,1900.0,1962.0,1021.0,1475.0,1833.0,1400.0,2000.0,1500.0,2300.0
2016-08-01,2100.0,1200.0,1900.0,1849.0,1562.0,1600.0,1725.0,1700.0,2000.0,1362.0,2300.0
2016-08-08,2150.0,1140.0,1800.0,1867.0,1292.0,1325.0,1629.0,1475.0,2000.0,1620.0,2300.0
2016-08-15,2188.0,1258.0,1850.0,1857.0,1158.0,1200.0,1625.0,1250.0,2000.0,1667.0,2100.0
2016-08-22,1942.0,1230.0,1825.0,1787.0,1152.0,1400.0,1533.0,1850.0,2000.0,1290.0,2100.0
2016-08-29,1925.0,1196.0,1800.0,1712.0,900.0,1300.0,1633.0,2000.0,1857.0,1362.0,2100.0
2016-09-05,1910.0,1240.0,1775.0,1528.0,1077.0,1367.0,1475.0,2000.0,1714.0,1264.0,2100.0
2016-09-12,1988.0,1180.0,1800.0,1522.0,1000.0,1500.0,1535.0,2000.0,1571.0,1167.0,2160.0
2016-09-19,1790.0,1150.0,1750.0,1268.0,1026.0,1400.0,1333.0,1750.0,1429.0,1167.0,2100.0
2016-09-26,1725.0,1217.0,1675.0,1348.0,1045.0,1550.0,1338.0,1500.0,1286.0,1050.0,2060.0
2016-10-03,1720.0,1206.0,1292.0,1267.0,1067.0,1500.0,1310.0,1250.0,1143.0,1000.0,1700.0
2016-10-10,1538.0,1230.0,1425.0,1327.0,1050.0,1200.0,1304.0,1000.0,1000.0,1100.0,1700.0
2016-10-17,1600.0,1300.0,1208.0,1303.0,975.0,1200.0,1212.0,1050.0,1143.0,1083.0,1700.0
2016-10-24,1575.0,1205.0,1238.0,1172.0,798.0,1167.0,1300.0,1250.0,1286.0,969.0,1780.0
2016-10-31,1675.0,1202.0,1225.0,1189.0,756.0,1300.0,1367.0,1200.0,1429.0,900.0,1700.0
2016-11-07,1950.0,1215.0,1350.0,1169.0,768.0,1100.0,1440.0,1400.0,1571.0,1075.0,1700.0
2016-11-14,1820.0,1212.0,1600.0,1366.0,880.0,1233.0,1217.0,1400.0,1714.0,1050.0,1780.0
2016-11-21,1820.0,1200.0,1425.0,1288.0,910.0,1167.0,1067.0,1400.0,1857.0,1050.0,1700.0
2016-11-28,1800.0,1150.0,1225.0,1167.0,740.0,1267.0,1204.0,1400.0,2000.0,1050.0,1700.0
2016-12-05,1808.0,960.0,1081.0,1192.0,1065.0,1300.0,1010.0,1467.0,1703.0,1020.0,1700.0
2016-12-12,1960.0,968.0,1088.0,1087.0,845.0,1100.0,730.0,1434.0,1565.0,1038.0,1660.0
2016-12-19,2080.0,610.0,1131.0,1071.0,739.0,1000.0,686.0,1400.0,1372.0,925.0,1900.0
2016-12-26,1658.0,640.0,1106.0,996.0,900.0,1000.0,817.0,1500.0,1382.0,875.0,1900.0
2017-01-02,1433.0,650.0,900.0,1008.0,724.0,1100.0,642.0,1500.0,1152.0,900.0,1820.0
2017-01-09,1533.0,508.0,1117.0,1012.0,716.0,1000.0,952.0,1325.0,1020.0,938.0,1800.0
2017-01-16,1370.0,642.0,1050.0,1015.0,820.0,850.0,720.0,1150.0,1140.0,1100.0,1767.0
2017-01-23,1450.0,700.0,1075.0,1028.0,852.0,875.0,833.0,1074.0,1082.0,1100.0,1700.0
2017-01-30,1310.0,838.0,1038.0,1005.0,884.0,900.0,770.0,1300.0,979.0,1100.0,1700.0
2017-02-06,1250.0,815.0,983.0,1006.0,842.0,1000.0,839.0,1080.0,979.0,1017.0,1700.0
2017-02-13,1360.0,774.0,825.0,1050.0,592.0,800.0,809.0,1025.0,998.0,850.0,1700.0
2017-02-20,1210.0,830.0,900.0,1007.0,885.0,850.0,683.0,1150.0,1000.0,750.0,1700.0
2017-02-27,1225.0,690.0,750.0,1014.0,804.0,825.0,788.0,1250.0,1000.0,900.0,1700.0
2017-03-06,1208.0,755.0,600.0,1018.0,812.0,800.0,793.0,1075.0,1000.0,775.0,1500.0
2017-03-13,1130.0,872.0,600.0,1013.0,721.0,800.0,838.0,900.0,1000.0,865.0,1100.0
2017-03-20,1275.0,797.0,600.0,1000.0,834.0,800.0,914.0,933.0,1000.0,833.0,1100.0
2017-03-27,1283.0,837.0,533.0,1050.0,995.0,833.0,883.0,900.0,1000.0,842.0,1100.0
2017-04-03,1330.0,800.0,575.0,1007.0,822.0,750.0,700.0,1050.0,1000.0,850.0,1100.0
2017-04-10,1460.0,945.0,767.0,1009.0,950.0,850.0,869.0,1200.0,990.0,900.0,1100.0
2017-04-17,1500.0,908.0,750.0,1042.0,696.0,867.0,828.0,1056.0,1000.0,950.0,1100.0
2017-04-24,1342.0,895.0,600.0,1030.0,844.0,900.0,917.0,1000.0,1000.0,875.0,1100.0
2017-05-01,1550.0,836.0,800.0,1098.0,725.0,800.0,867.0,1000.0,1000.0,988.0,1100.0
2017-05-08,1542.0,936.0,800.0,1088.0,997.0,1000.0,898.0,1000.0,1000.0,875.0,1100.0
2017-05-15,1400.0,998.0,767.0,1063.0,925.0,800.0,896.0,1200.0,1000.0,920.0,1100.0
2017-05-22,1367.0,998.0,900.0,1043.0,983.0,1067.0,795.0,1150.0,1000.0,810.0,1100.0
2017-05-29,1450.0,970.0,792.0,975.0,1000.0,900.0,910.0,1067.0,1000.0,836.0,1100.0
2017-06-05,1450.0,990.0,1088.0,1008.0,956.0,900.0,943.0,2190.0,1000.0,862.0,1100.0
2017-06-12,1445.0,940.0,1000.0,1022.0,850.0,967.0,1030.0,1200.0,1250.0,917.0,1100.0
2017-06-19,1583.0,981.0,1100.0,1084.0,792.0,833.0,900.0,1243.0,1000.0,1033.0,1100.0
2017-06-26,1560.0,902.0,1050.0,1114.0,740.0,800.0,875.0,1100.0,1000.0,1240.0,1109.0
2017-07-03,1508.0,790.0,833.0,1018.0,686.0,1000.0,880.0,1200.0,1000.0,875.0,1118.0
2017-07-10,1550.0,880.0,1000.0,1027.0,740.0,875.0,783.0,1242.0,1000.0,930.0,1127.0
2017-07-17,1375.0,800.0,1038.0,1040.0,767.0,950.0,765.0,1285.0,1067.0,908.0,1136.0
2017-07-24,1408.0,725.0,1025.0,1010.0,648.0,833.0,775.0,1175.0,1133.0,1033.0,1145.0
2017-07-31,1467.0,645.0,1080.0,1021.0,650.0,850.0,750.0,1200.0,1200.0,1250.0,1154.0
2017-08-07,1517.0,675.0,1044.0,1039.0,667.0,967.0,744.0,1100.0,1195.0,1280.0,1163.0
2017-08-14,1510.0,780.0,1075.0,1051.0,789.0,750.0,788.0,1165.0,1189.0,933.0,1172.0
2017-08-21,1270.0,870.0,1062.0,1005.0,833.0,850.0,762.0,1200.0,1184.0,850.0,1181.0
2017-08-28,1190.0,892.0,1075.0,986.0,696.0,850.0,945.0,1200.0,1179.0,850.0,1190.0
2017-09-04,1260.0,930.0,1000.0,1056.0,692.0,800.0,785.0,1200.0,1174.0,940.0,1199.0
2017-09-11,1630.0,840.0,962.0,974.0,633.0,850.0,750.0,1000.0,1168.0,950.0,1208.0
2017-09-18,2333.0,810.0,962.0,902.0,600.0,1000.0,733.0,1000.0,1163.0,925.0,1217.0
2017-09-25,1840.0,855.0,988.0,920.0,605.0,800.0,1005.0,1000.0,1158.0,660.0,1226.0
2017-10-02,1750.0,967.0,1075.0,971.0,567.0,800.0,1150.0,1200.0,1153.0,800.0,1235.0
2017-10-09,2010.0,800.0,1075.0,1001.0,762.0,850.0,738.0,1000.0,1147.0,990.0,1244.0
2017-10-16,1750.0,800.0,1075.0,1001.0,650.0,900.0,883.0,1200.0,1142.0,1100.0,1253.0
2017-10-23,1700.0,1075.0,1075.0,998.0,814.0,800.0,892.0,1100.0,1137.0,1100.0,1262.0
2017-10-30,1575.0,1100.0,1075.0,1004.0,884.0,1067.0,1125.0,1000.0,1132.0,1200.0,1271.0
2017-11-06,1712.0,1120.0,1075.0,997.0,852.0,1000.0,888.0,1000.0,1126.0,1050.0,1280.0
2017-11-13,1360.0,1250.0,1075.0,1017.0,800.0,1000.0,1492.0,1000.0,1121.0,1020.0,1289.0
2017-11-20,1150.0,1200.0,1075.0,1005.0,890.0,1067.0,1650.0,1300.0,1116.0,1140.0,1298.0
2017-11-27,1445.0,1445.0,1075.0,1002.0,880.0,958.0,1690.0,1211.0,1111.0,1000.0,1307.0
2017-12-04,1100.0,1180.0,1075.0,1009.0,748.0,850.0,960.0,945.0,1105.0,880.0,1316.0
2017-12-11,1420.0,1850.0,1094.0,1062.0,600.0,833.0,947.0,1227.0,1100.0,810.0,1325.0
2017-12-18,1550.0,1240.0,1112.0,1013.0,517.0,800.0,710.0,1224.0,1011.0,850.0,1334.0
2017-12-25,1560.0,1052.0,1275.0,1036.0,500.0,700.0,740.0,1023.0,1000.0,890.0,1343.0
2018-01-01,1550.0,850.0,1250.0,1012.0,575.0,1000.0,846.0,1000.0,1000.0,850.0,1352.0
2018-01-08,1675.0,840.0,1275.0,1006.0,613.0,750.0,940.0,1000.0,1000.0,850.0,1361.0
2018-01-15,1538.0,880.0,1275.0,1007.0,654.0,800.0,1060.0,2372.0,1000.0,975.0,1370.0
2018-01-22,1567.0,990.0,1175.0,1019.0,694.0,800.0,933.0,1372.0,1000.0,958.0,1379.0
2018-01-29,1390.0,928.0,1200.0,984.0,625.0,900.0,825.0,1694.0,1000.0,1050.0,1388.0
2018-02-05,1250.0,990.0,1250.0,1017.0,678.0,950.0,1075.0,1200.0,1000.0,1050.0,1397.0
2018-02-12,1360.0,918.0,1175.0,1018.0,875.0,933.0,995.0,1200.0,1000.0,1050.0,1406.0
2018-02-19,1160.0,985.0,1000.0,1016.0,1130.0,1200.0,938.0,1225.0,1000.0,1042.0,1415.0
2018-02-26,1125.0,1227.0,650.0,897.0,783.0,967.0,917.0,1100.0,1000.0,1050.0,1424.0
2018-03-05,1283.0,1060.0,600.0,1004.0,899.0,900.0,1200.0,1000.0,1000.0,1050.0,1433.0
2018-03-12,1300.0,1200.0,700.0,1187.0,812.0,950.0,1367.0,1666.0,1000.0,1040.0,1442.0
2018-03-19,1425.0,1320.0,800.0,1234.0,758.0,1000.0,1250.0,1458.0,1000.0,1083.0,1451.0
2018-03-26,1475.0,1440.0,840.0,1245.0,923.0,1000.0,1425.0,1250.0,1000.0,1160.0,1460.0
2018-04-02,1400.0,1560.0,820.0,1162.0,899.0,1000.0,1460.0,1364.0,1000.0,1225.0,1469.0
2018-04-09,1417.0,1680.0,820.0,1269.0,915.0,1000.0,1467.0,1175.0,1000.0,1250.0,1478.0
2018-04-16,1780.0,1800.0,1010.0,1224.0,853.0,1100.0,1588.0,1260.0,1000.0,1325.0,1487.0
2018-04-23,1750.0,1790.0,980.0,1368.0,1128.0,1200.0,1750.0,1200.0,1000.0,1650.0,1496.0
2018-04-30,1925.0,1750.0,1050.0,1511.0,1403.0,1200.0,1650.0,1400.0,1000.0,1525.0,1505.0
2018-05-07,2010.0,1772.0,1100.0,1547.0,1000.0,1550.0,1875.0,1600.0,1000.0,1520.0,1514.0
2018-05-14,2040.0,1645.0,1100.0,1468.0,1400.0,1400.0,1660.0,1800.0,1000.0,1600.0,1523.0
2018-05-21,2100.0,2145.0,1100.0,1422.0,1400.0,1400.0,1616.0,2000.0,1000.0,1600.0,1532.0
2018-05-28,2100.0,1883.0,1500.0,1537.0,1400.0,1433.0,1867.0,2200.0,1555.0,1575.0,1541.0
2018-06-04,2158.0,1550.0,1850.0,1564.0,1400.0,1283.0,1683.0,2400.0,2000.0,1462.0,1550.0
2018-06-11,2100.0,1140.0,1525.0,1620.0,1400.0,1350.0,1600.0,2519.0,1666.0,1420.0,1940.0
2018-06-18,2070.0,1354.0,1525.0,1640.0,1312.0,1400.0,1688.0,2638.0,2000.0,1500.0,1900.0
2018-06-25,2050.0,1325.0,1925.0,1776.0,1400.0,1550.0,1700.0,2756.0,2000.0,1500.0,2100.0
2018-07-02,2083.0,1425.0,1875.0,1861.0,1400.0,1200.0,1642.0,2875.0,2000.0,1517.0,2100.0
2018-07-09,1975.0,1320.0,1825.0,1878.0,1279.0,1500.0,1640.0,2000.0,2000.0,1600.0,2100.0
2018-07-16,1910.0,1300.0,1875.0,1707.0,1283.0,1500.0,1510.0,1000.0,2000.0,1490.0,2125.0
2018-07-23,1933.0,1325.0,1950.0,1946.0,1352.0,1400.0,1625.0,1000.0,1944.0,1500.0,2150.0
2018-07-30,1825.0,1360.0,2100.0,1985.0,1298.0,1367.0,1833.0,1500.0,1889.0,1500.0,1775.0
2018-08-06,1800.0,1630.0,1445.0,1963.0,1354.0,1300.0,1658.0,2000.0,2000.0,1500.0,1400.0
2018-08-13,1850.0,1610.0,1592.0,1961.0,1250.0,1350.0,1680.0,1333.0,2167.0,1500.0,1700.0
2018-08-20,2000.0,1920.0,1200.0,1965.0,1200.0,1350.0,1700.0,2000.0,2333.0,1588.0,1800.0
2018-08-27,1800.0,1860.0,1335.0,1906.0,1289.0,1300.0,1640.0,1904.0,2500.0,1840.0,1700.0
2018-09-03,1717.0,1550.0,1375.0,1564.0,1217.0,1250.0,1675.0,1809.0,1750.0,1800.0,1700.0
2018-09-10,1860.0,1580.0,1606.0,1369.0,1274.0,1400.0,1940.0,1799.0,1000.0,1788.0,1700.0
2018-09-17,1820.0,1660.0,1425.0,1541.0,1162.0,1400.0,1840.0,1789.0,1333.0,1750.0,1700.0
2018-09-24,1910.0,1540.0,1388.0,1582.0,1147.0,1400.0,1570.0,1779.0,1667.0,1800.0,1700.0
2018-10-01,1842.0,1283.0,1300.0,1722.0,1229.0,1333.0,1667.0,1769.0,2000.0,1825.0,1700.0
2018-10-08,1838.0,1500.0,1875.0,1713.0,1250.0,1300.0,1680.0,1759.0,2000.0,1950.0,1700.0
2018-10-15,1750.0,1500.0,1625.0,1745.0,1309.0,1400.0,1742.0,1750.0,2000.0,1967.0,1700.0
2018-10-22,1838.0,1500.0,1388.0,1764.0,1310.0,1150.0,1700.0,1740.0,2000.0,1950.0,1700.0
2018-10-29,1900.0,1417.0,1512.0,1859.0,1414.0,1550.0,1820.0,1730.0,2000.0,1910.0,1700.0
2018-11-05,1850.0,1380.0,1492.0,1834.0,1325.0,1300.0,1730.0,1720.0,2000.0,1912.0,1700.0
2018-11-12,1850.0,1380.0,1667.0,1868.0,1400.0,1400.0,1567.0,1710.0,1750.0,1800.0,1700.0
2018-11-19,1833.0,1350.0,1158.0,1914.0,1103.0,1300.0,1567.0,1700.0,2000.0,1608.0,1700.0
2018-11-26,1550.0,1300.0,1156.0,1862.0,1325.0,1300.0,1450.0,1600.0,1928.0,1650.0,1700.0
2018-12-03,1342.0,1100.0,1000.0,1769.0,1202.0,1267.0,1050.0,1500.0,1532.0,1600.0,1700.0
2018-12-10,1170.0,1200.0,790.0,1537.0,1086.0,1100.0,910.0,1990.0,1523.0,1300.0,1700.0
2018-12-17,1200.0,1150.0,875.0,1282.0,999.0,1000.0,1583.0,1795.0,1528.0,1367.0,1700.0
2018-12-24,1375.0,1186.0,1000.0,1601.0,1004.0,1050.0,1117.0,1600.0,1531.0,1342.0,1700.0
2018-12-31,1310.0,1160.0,850.0,1362.0,989.0,1100.0,975.0,1578.0,1511.0,1350.0,1700.0
2019-01-07,1192.0,1250.0,1300.0,1189.0,950.0,975.0,833.0,1555.0,1507.0,1320.0,1700.0
2019-01-14,1330.0,960.0,900.0,1279.0,907.0,1000.0,817.0,1533.0,1546.0,1020.0,1700.0
2019-01-21,1450.0,1100.0,1500.0,1349.0,850.0,950.0,960.0,1511.0,1517.0,1100.0,1700.0
2019-01-28,1262.0,1000.0,1175.0,1337.0,847.0,1000.0,950.0,1489.0,1449.0,1125.0,1700.0
2019-02-04,1317.0,1100.0,1250.0,1225.0,1025.0,967.0,1142.0,1466.0,1499.0,1100.0,1700.0
2019-02-11,1320.0,1060.0,800.0,1178.0,1017.0,975.0,1183.0,1444.0,1544.0,1100.0,1700.0
2019-02-18,1212.0,1150.0,725.0,1195.0,1175.0,1000.0,1183.0,1327.0,1550.0,1100.0,1700.0
2019-02-25,688.0,1150.0,825.0,1116.0,861.0,1000.0,1255.0,1210.0,1509.0,1000.0,1700.0
2019-03-04,650.0,1100.0,608.0,1144.0,1183.0,1000.0,1080.0,1100.0,1510.0,1025.0,1700.0
2019-03-11,1025.0,1230.0,600.0,1072.0,955.0,1000.0,1110.0,1116.0,1492.0,1100.0,1700.0
2019-03-18,1025.0,1225.0,600.0,1040.0,938.0,1000.0,950.0,1133.0,1614.0,1100.0,1700.0
2019-03-25,1117.0,1125.0,588.0,1109.0,745.0,1000.0,1020.0,983.0,1724.0,1100.0,1700.0
2019-04-01,1125.0,1250.0,625.0,1146.0,913.0,1000.0,1100.0,1315.0,1541.0,1100.0,1700.0
2019-04-08,965.0,1100.0,688.0,1220.0,1035.0,1000.0,950.0,1050.0,1541.0,1300.0,1700.0
2019-04-15,1055.0,1200.0,1050.0,1227.0,741.0,1000.0,1370.0,1300.0,1533.0,1220.0,1700.0
2019-04-22,1300.0,1200.0,1050.0,1227.0,741.0,1000.0,1250.0,1300.0,1611.0,1220.0,1700.0
