Date,Bangalore,Basava Kalayana,Bhadravathi,Bidar,Bijapur,Dharwar,Gadag,Gulbarga,Hubli (Amaragol),Jamakhandi,Laxmeshwar,Mysore (Bandipalya),Nargunda,Shimoga
2001-08-06,1023.0,687.0,900.0,744.0,888.0,905.0,860.0,950.0,850.0,630.0,600.0,900.0,1058.0,620.0
2001-08-13,1017.0,687.0,900.0,744.0,888.0,905.0,860.0,950.0,850.0,630.0,600.0,900.0,1058.0,620.0
2001-08-20,1012.0,687.0,900.0,744.0,888.0,905.0,860.0,950.0,850.0,630.0,600.0,900.0,1058.0,620.0
2001-08-27,1006.0,687.0,900.0,744.0,888.0,905.0,860.0,950.0,850.0,630.0,600.0,900.0,1058.0,620.0
2001-09-03,1000.0,687.0,900.0,744.0,888.0,905.0,860.0,950.0,850.0,630.0,600.0,900.0,1058.0,620.0
2001-09-10,1000.0,687.0,900.0,744.0,888.0,905.0,860.0,950.0,850.0,630.0,600.0,900.0,1058.0,620.0
2001-09-17,1017.0,687.0,900.0,744.0,888.0,905.0,860.0,950.0,850.0,630.0,600.0,900.0,1058.0,620.0
2001-09-24,1033.0,687.0,900.0,744.0,888.0,905.0,860.0,950.0,850.0,630.0,600.0,900.0,1058.0,620.0
2001-10-01,1050.0,687.0,900.0,744.0,888.0,905.0,860.0,950.0,850.0,630.0,600.0,900.0,1058.0,620.0
2001-10-08,1067.0,687.0,900.0,744.0,888.0,905.0,860.0,950.0,850.0,630.0,600.0,900.0,1058.0,620.0
2001-10-15,1083.0,687.0,900.0,744.0,888.0,905.0,860.0,950.0,850.0,630.0,600.0,900.0,1058.0,620.0
2001-10-22,1100.0,687.0,900.0,744.0,888.0,905.0,860.0,950.0,850.0,630.0,600.0,900.0,1058.0,620.0
2001-10-29,1100.0,687.0,900.0,744.0,888.0,905.0,860.0,950.0,850.0,630.0,600.0,900.0,1058.0,620.0
2001-11-05,1100.0,687.0,900.0,744.0,888.0,905.0,860.0,950.0,850.0,630.0,600.0,900.0,1058.0,620.0
2001-11-12,1100.0,687.0,900.0,744.0,888.0,905.0,860.0,950.0,850.0,630.0,600.0,900.0,1058.0,620.0
2001-11-19,1100.0,687.0,900.0,744.0,888.0,905.0,860.0,950.0,850.0,630.0,600.0,900.0,1058.0,620.0
2001-11-26,1094.0,687.0,900.0,744.0,888.0,905.0,860.0,950.0,850.0,630.0,600.0,900.0,1058.0,620.0
2001-12-03,1088.0,687.0,900.0,744.0,888.0,905.0,860.0,950.0,850.0,630.0,600.0,900.0,1058.0,620.0
2001-12-10,1082.0,687.0,900.0,744.0,888.0,905.0,860.0,950.0,850.0,630.0,600.0,900.0,1058.0,620.0
2001-12-17,1076.0,687.0,900.0,744.0,888.0,905.0,860.0,950.0,850.0,630.0,600.0,900.0,1058.0,620.0
2001-12-24,1070.0,687.0,900.0,744.0,888.0,905.0,860.0,950.0,850.0,630.0,600.0,900.0,1058.0,620.0
2001-12-31,1078.0,687.0,900.0,744.0,888.0,905.0,860.0,950.0,850.0,630.0,600.0,900.0,1058.0,620.0
2002-01-07,1085.0,687.0,900.0,744.0,888.0,905.0,860.0,950.0,850.0,630.0,600.0,900.0,1058.0,620.0
2002-01-14,1092.0,687.0,900.0,744.0,888.0,898.0,860.0,950.0,850.0,630.0,600.0,900.0,1058.0,620.0
2002-01-21,1100.0,687.0,900.0,744.0,888.0,890.0,860.0,950.0,850.0,630.0,600.0,1042.0,1058.0,620.0
2002-01-28,1082.0,687.0,900.0,744.0,888.0,883.0,860.0,950.0,850.0,630.0,600.0,1033.0,1058.0,620.0
2002-02-04,1065.0,687.0,900.0,744.0,888.0,876.0,860.0,950.0,755.0,630.0,600.0,1000.0,1058.0,620.0
2002-02-11,1072.0,687.0,900.0,744.0,888.0,869.0,860.0,950.0,798.0,630.0,600.0,1033.0,1058.0,620.0
2002-02-18,1075.0,687.0,900.0,744.0,888.0,861.0,860.0,950.0,840.0,630.0,600.0,1067.0,1058.0,620.0
2002-02-25,1089.0,687.0,900.0,744.0,888.0,854.0,860.0,950.0,821.0,630.0,600.0,1100.0,1058.0,620.0
2002-03-04,1102.0,687.0,900.0,744.0,888.0,847.0,860.0,950.0,850.0,630.0,600.0,1075.0,1058.0,620.0
2002-03-11,1116.0,687.0,900.0,744.0,888.0,840.0,860.0,950.0,864.0,630.0,600.0,1050.0,1058.0,620.0
2002-03-18,1130.0,687.0,900.0,744.0,908.0,832.0,860.0,950.0,701.0,630.0,600.0,1050.0,1058.0,620.0
2002-03-25,1130.0,687.0,900.0,744.0,925.0,825.0,860.0,950.0,737.0,630.0,600.0,1050.0,1058.0,620.0
2002-04-01,1085.0,687.0,900.0,744.0,900.0,800.0,860.0,950.0,825.0,630.0,600.0,1050.0,1058.0,620.0
2002-04-08,990.0,687.0,900.0,744.0,912.0,775.0,860.0,950.0,672.0,630.0,600.0,1050.0,1058.0,620.0
2002-04-15,1030.0,687.0,900.0,750.0,956.0,751.0,856.0,976.0,677.0,630.0,658.0,1050.0,1058.0,1100.0
2002-04-22,1075.0,687.0,900.0,770.0,892.0,752.0,830.0,950.0,850.0,630.0,715.0,1000.0,1058.0,806.0
2002-04-29,1200.0,678.0,900.0,808.0,965.0,714.0,837.0,958.0,822.0,630.0,715.0,975.0,1058.0,740.0
2002-05-06,1200.0,740.0,900.0,832.0,992.0,758.0,814.0,965.0,795.0,650.0,690.0,950.0,1058.0,860.0
2002-05-13,1200.0,680.0,900.0,850.0,950.0,780.0,834.0,973.0,796.0,662.0,775.0,925.0,1058.0,925.0
2002-05-20,1200.0,738.0,900.0,810.0,950.0,785.0,849.0,982.0,797.0,750.0,700.0,956.0,1058.0,760.0
2002-05-27,1200.0,696.0,900.0,771.0,956.0,786.0,843.0,990.0,798.0,634.0,733.0,987.0,1058.0,850.0
2002-06-03,1200.0,714.0,950.0,813.0,945.0,790.0,850.0,900.0,798.0,628.0,696.0,975.0,1058.0,1030.0
2002-06-10,1200.0,685.0,1000.0,813.0,935.0,800.0,828.0,916.0,799.0,600.0,728.0,950.0,1058.0,685.0
2002-06-17,1200.0,680.0,917.0,862.0,938.0,799.0,849.0,932.0,800.0,600.0,759.0,940.0,1058.0,923.0
2002-06-24,1200.0,705.0,730.0,850.0,950.0,815.0,979.0,988.0,794.0,600.0,760.0,1056.0,1058.0,760.0
2002-07-01,1200.0,682.0,1000.0,864.0,920.0,816.0,832.0,982.0,787.0,750.0,704.0,967.0,1058.0,887.0
2002-07-08,1200.0,677.0,825.0,839.0,933.0,788.0,802.0,992.0,781.0,675.0,768.0,965.0,1058.0,907.0
2002-07-15,1200.0,701.0,1000.0,892.0,950.0,796.0,809.0,946.0,784.0,600.0,731.0,1016.0,1058.0,1000.0
2002-07-22,1200.0,699.0,883.0,864.0,933.0,753.0,794.0,940.0,787.0,600.0,752.0,1038.0,1058.0,928.0
2002-07-29,1133.0,698.0,1000.0,880.0,895.0,797.0,837.0,975.0,790.0,600.0,742.0,972.0,1058.0,860.0
2002-08-05,1200.0,714.0,975.0,885.0,924.0,815.0,836.0,972.0,793.0,600.0,720.0,1010.0,1058.0,860.0
2002-08-12,1200.0,716.0,962.0,819.0,900.0,813.0,826.0,938.0,796.0,600.0,768.0,1012.0,1058.0,970.0
2002-08-19,1188.0,726.0,1017.0,868.0,962.0,805.0,833.0,950.0,799.0,600.0,742.0,1000.0,1058.0,1002.0
2002-08-26,1150.0,735.0,1000.0,867.0,960.0,852.0,829.0,950.0,802.0,655.0,561.0,972.0,1058.0,980.0
2002-09-02,1150.0,739.0,1000.0,859.0,980.0,851.0,804.0,960.0,805.0,820.0,668.0,980.0,1058.0,635.0
2002-09-09,1150.0,746.0,1033.0,840.0,930.0,834.0,838.0,945.0,809.0,700.0,774.0,980.0,1058.0,890.0
2002-09-16,1150.0,730.0,975.0,878.0,938.0,818.0,821.0,950.0,812.0,716.0,745.0,867.0,1058.0,950.0
2002-09-23,1150.0,750.0,1002.0,838.0,952.0,836.0,833.0,955.0,815.0,732.0,780.0,746.0,1058.0,917.0
2002-09-30,1150.0,692.0,908.0,900.0,940.0,855.0,840.0,960.0,818.0,688.0,725.0,765.0,1058.0,1050.0
2002-10-07,1150.0,680.0,988.0,880.0,969.0,820.0,845.0,966.0,821.0,650.0,707.0,883.0,1058.0,1000.0
2002-10-14,1150.0,722.0,1040.0,900.0,996.0,806.0,906.0,971.0,824.0,655.0,812.0,845.0,1058.0,925.0
2002-10-21,1150.0,775.0,998.0,900.0,970.0,839.0,1009.0,976.0,827.0,653.0,818.0,777.0,1058.0,1025.0
2002-10-28,1150.0,792.0,1005.0,890.0,997.0,822.0,939.0,981.0,830.0,725.0,818.0,800.0,1058.0,1100.0
2002-11-04,1150.0,810.0,983.0,900.0,994.0,851.0,928.0,986.0,833.0,650.0,696.0,850.0,1058.0,975.0
2002-11-11,1150.0,788.0,1010.0,907.0,980.0,836.0,898.0,991.0,800.0,650.0,729.0,1000.0,1058.0,962.0
2002-11-18,1150.0,782.0,1025.0,924.0,979.0,831.0,897.0,996.0,800.0,650.0,691.0,1000.0,1058.0,854.0
2002-11-25,1150.0,800.0,1138.0,921.0,985.0,821.0,1036.0,1002.0,801.0,638.0,728.0,1010.0,1058.0,1050.0
2002-12-02,1150.0,814.0,1042.0,913.0,980.0,813.0,921.0,1007.0,803.0,668.0,755.0,1062.0,1058.0,1050.0
2002-12-09,1150.0,714.0,1050.0,900.0,990.0,803.0,874.0,1012.0,826.0,700.0,538.0,1050.0,1058.0,900.0
2002-12-16,1150.0,680.0,1050.0,907.0,975.0,806.0,861.0,1017.0,848.0,708.0,562.0,1100.0,1058.0,883.0
2002-12-23,1150.0,741.0,1067.0,900.0,1053.0,808.0,825.0,1017.0,871.0,715.0,656.0,1075.0,1058.0,860.0
2002-12-30,1150.0,785.0,1020.0,925.0,1022.0,848.0,873.0,1008.0,881.0,780.0,751.0,1100.0,1058.0,881.0
2003-01-06,1150.0,763.0,1020.0,922.0,1013.0,805.0,886.0,1000.0,891.0,650.0,677.0,1000.0,1058.0,950.0
2003-01-13,1150.0,777.0,1050.0,912.0,896.0,832.0,1101.0,1010.0,901.0,738.0,603.0,1010.0,1058.0,690.0
2003-01-20,1150.0,826.0,904.0,912.0,988.0,853.0,1043.0,934.0,911.0,825.0,679.0,1050.0,1058.0,900.0
2003-01-27,1150.0,876.0,1050.0,894.0,1027.0,773.0,935.0,1000.0,920.0,912.0,630.0,1043.0,1058.0,813.0
2003-02-03,1142.0,941.0,1023.0,925.0,986.0,822.0,920.0,1025.0,930.0,1000.0,675.0,1033.0,1058.0,1000.0
2003-02-10,1100.0,800.0,1033.0,911.0,1115.0,790.0,1049.0,1050.0,940.0,900.0,686.0,938.0,1058.0,1050.0
2003-02-17,1100.0,802.0,1050.0,908.0,670.0,808.0,1075.0,1034.0,950.0,800.0,697.0,1050.0,1058.0,1050.0
2003-02-24,1100.0,803.0,1050.0,905.0,1054.0,809.0,1089.0,1017.0,960.0,700.0,708.0,1075.0,1058.0,746.0
2003-03-03,1100.0,737.0,1050.0,898.0,1093.0,769.0,965.0,1017.0,823.0,600.0,719.0,1050.0,1058.0,917.0
2003-03-10,1100.0,744.0,1050.0,893.0,1036.0,766.0,939.0,1000.0,738.0,683.0,731.0,1183.0,1058.0,896.0
2003-03-17,1100.0,719.0,1050.0,860.0,1035.0,771.0,1094.0,1050.0,830.0,650.0,742.0,1000.0,1058.0,960.0
2003-03-24,1100.0,794.0,1050.0,903.0,1032.0,782.0,1004.0,1000.0,921.0,700.0,753.0,888.0,1058.0,1020.0
2003-03-31,1100.0,827.0,1015.0,824.0,1062.0,783.0,921.0,910.0,850.0,695.0,764.0,1000.0,1058.0,893.0
2003-04-07,1100.0,870.0,1050.0,925.0,1080.0,786.0,1077.0,938.0,856.0,800.0,775.0,983.0,1058.0,975.0
2003-04-14,1100.0,853.0,1050.0,935.0,1180.0,848.0,918.0,1200.0,781.0,775.0,699.0,988.0,1058.0,970.0
2003-04-21,1100.0,950.0,950.0,924.0,1208.0,794.0,964.0,1050.0,771.0,750.0,769.0,994.0,1058.0,965.0
2003-04-28,1100.0,950.0,1050.0,912.0,1276.0,801.0,951.0,1100.0,840.0,725.0,763.0,1000.0,1058.0,970.0
2003-05-05,1100.0,940.0,1050.0,940.0,1248.0,794.0,930.0,1125.0,806.0,700.0,757.0,956.0,1058.0,976.0
2003-05-12,1100.0,927.0,938.0,960.0,1185.0,787.0,934.0,1150.0,770.0,725.0,751.0,986.0,1058.0,890.0
2003-05-19,1100.0,960.0,1050.0,953.0,1230.0,809.0,930.0,1150.0,815.0,750.0,759.0,1012.0,1058.0,1017.0
2003-05-26,1100.0,910.0,1020.0,953.0,1212.0,800.0,917.0,1150.0,811.0,800.0,768.0,1083.0,1058.0,1050.0
2003-06-02,1100.0,905.0,1050.0,978.0,1230.0,820.0,923.0,1150.0,810.0,834.0,776.0,1030.0,1058.0,863.0
2003-06-09,1100.0,900.0,1000.0,945.0,1234.0,819.0,916.0,1100.0,810.0,867.0,784.0,950.0,1058.0,964.0
2003-06-16,1100.0,943.0,1050.0,959.0,1196.0,823.0,944.0,1100.0,820.0,850.0,792.0,980.0,1058.0,975.0
2003-06-23,1100.0,835.0,1026.0,959.0,1288.0,817.0,943.0,1100.0,831.0,850.0,801.0,1010.0,1058.0,910.0
2003-06-30,1100.0,770.0,1020.0,962.0,1228.0,829.0,927.0,1125.0,822.0,850.0,809.0,900.0,1058.0,940.0
2003-07-07,1100.0,833.0,1031.0,941.0,1211.0,795.0,1095.0,1125.0,813.0,800.0,775.0,1075.0,1058.0,827.0
2003-07-14,1100.0,804.0,1050.0,878.0,1231.0,797.0,948.0,1100.0,804.0,800.0,783.0,940.0,1058.0,1000.0
2003-07-21,1100.0,836.0,1012.0,893.0,1190.0,825.0,982.0,1158.0,795.0,900.0,792.0,982.0,1058.0,869.0
2003-07-28,1100.0,861.0,1030.0,911.0,1142.0,842.0,951.0,1125.0,786.0,1000.0,800.0,1020.0,1058.0,961.0
2003-08-04,1100.0,870.0,1050.0,919.0,1166.0,817.0,979.0,1100.0,777.0,1000.0,805.0,993.0,1058.0,982.0
2003-08-11,1100.0,890.0,1020.0,926.0,1146.0,816.0,896.0,1100.0,768.0,1000.0,743.0,998.0,1058.0,1038.0
2003-08-18,1100.0,736.0,1058.0,862.0,1149.0,856.0,953.0,1000.0,759.0,1000.0,662.0,1017.0,1058.0,960.0
2003-08-25,1100.0,860.0,1050.0,908.0,1132.0,851.0,958.0,1075.0,750.0,1000.0,751.0,1250.0,1058.0,1125.0
2003-09-01,1100.0,907.0,1050.0,948.0,1208.0,838.0,972.0,1050.0,753.0,1000.0,724.0,1035.0,1058.0,1078.0
2003-09-08,1100.0,780.0,1065.0,883.0,1172.0,848.0,896.0,1000.0,756.0,1018.0,738.0,1050.0,1058.0,1067.0
2003-09-15,1100.0,760.0,1050.0,948.0,1272.0,842.0,970.0,1000.0,759.0,1035.0,752.0,1083.0,1058.0,1012.0
2003-09-22,1100.0,440.0,1050.0,952.0,1436.0,832.0,1066.0,1150.0,762.0,1020.0,719.0,1102.0,1058.0,1038.0
2003-09-29,1100.0,770.0,1050.0,930.0,1526.0,818.0,1025.0,1144.0,765.0,1005.0,733.0,1075.0,1058.0,1012.0
2003-10-06,1100.0,1101.0,1050.0,925.0,1225.0,823.0,1038.0,1138.0,768.0,990.0,747.0,1100.0,1058.0,975.0
2003-10-13,1100.0,1024.0,1050.0,926.0,1368.0,828.0,1335.0,1131.0,771.0,975.0,738.0,1125.0,1058.0,994.0
2003-10-20,1100.0,1030.0,1050.0,954.0,1359.0,827.0,1259.0,1125.0,774.0,960.0,728.0,1100.0,1058.0,1020.0
2003-10-27,1100.0,925.0,1031.0,750.0,1317.0,844.0,1228.0,1250.0,777.0,945.0,755.0,1080.0,1058.0,903.0
2003-11-03,1100.0,975.0,1031.0,900.0,1322.0,825.0,1451.0,1200.0,780.0,930.0,785.0,1140.0,1058.0,912.0
2003-11-10,1100.0,1017.0,938.0,930.0,1264.0,832.0,1176.0,1150.0,900.0,915.0,782.0,1123.0,1058.0,1000.0
2003-11-17,1100.0,1000.0,925.0,933.0,1242.0,867.0,978.0,1150.0,785.0,900.0,772.0,1133.0,1058.0,1032.0
2003-11-24,1100.0,813.0,775.0,933.0,1305.0,764.0,1013.0,1150.0,793.0,950.0,863.0,1080.0,1058.0,826.0
2003-12-01,1100.0,921.0,800.0,946.0,1356.0,890.0,952.0,1150.0,802.0,1000.0,711.0,1125.0,1058.0,960.0
2003-12-08,1100.0,1014.0,825.0,942.0,1257.0,902.0,918.0,1150.0,810.0,1015.0,706.0,1133.0,1058.0,1017.0
2003-12-15,1300.0,850.0,875.0,946.0,1277.0,914.0,985.0,1100.0,818.0,1007.0,760.0,1133.0,1058.0,1100.0
2003-12-22,1350.0,907.0,775.0,945.0,1220.0,926.0,1180.0,1117.0,826.0,999.0,798.0,1116.0,1058.0,1100.0
2003-12-29,1350.0,964.0,788.0,940.0,1205.0,938.0,1125.0,1133.0,834.0,990.0,835.0,1100.0,1058.0,1125.0
2004-01-05,1350.0,1021.0,1150.0,896.0,1190.0,950.0,1153.0,1150.0,843.0,982.0,781.0,1150.0,1058.0,1150.0
2004-01-12,1350.0,1078.0,1125.0,948.0,1233.0,855.0,1094.0,1158.0,851.0,974.0,728.0,1033.0,1058.0,1050.0
2004-01-19,1350.0,600.0,1162.0,940.0,1360.0,814.0,1202.0,1200.0,825.0,966.0,674.0,1015.0,1058.0,1127.0
2004-01-26,1350.0,682.0,1042.0,927.0,1308.0,922.0,1082.0,1193.0,801.0,958.0,630.0,1133.0,1058.0,1100.0
2004-02-02,1350.0,764.0,1069.0,940.0,1242.0,960.0,1225.0,1200.0,960.0,949.0,602.0,1075.0,1058.0,1100.0
2004-02-09,1350.0,846.0,1041.0,965.0,1245.0,924.0,1426.0,1190.0,936.0,941.0,704.0,1088.0,1058.0,1062.0
2004-02-16,1350.0,928.0,1100.0,962.0,1219.0,888.0,1483.0,1200.0,911.0,933.0,838.0,1100.0,1058.0,1150.0
2004-02-23,1350.0,971.0,1056.0,940.0,1297.0,884.0,1410.0,1150.0,887.0,925.0,926.0,1075.0,1058.0,1116.0
2004-03-01,1350.0,922.0,1025.0,937.0,1297.0,918.0,1167.0,1095.0,862.0,916.0,838.0,1075.0,1058.0,1162.0
2004-03-08,1350.0,873.0,1025.0,934.0,1235.0,895.0,1280.0,1040.0,838.0,908.0,856.0,1100.0,1058.0,1130.0
2004-03-15,1350.0,824.0,1025.0,931.0,1335.0,842.0,1263.0,1060.0,818.0,900.0,777.0,1100.0,1058.0,1110.0
2004-03-22,1110.0,775.0,1025.0,940.0,1247.0,838.0,1421.0,1105.0,845.0,925.0,822.0,1100.0,1058.0,1100.0
2004-03-29,1050.0,798.0,1075.0,940.0,1260.0,849.0,1368.0,1150.0,848.0,962.0,822.0,1133.0,1058.0,1100.0
2004-04-05,1050.0,820.0,1025.0,948.0,1183.0,829.0,1342.0,1100.0,843.0,1000.0,862.0,1142.0,1058.0,1080.0
2004-04-12,1050.0,842.0,1025.0,955.0,1232.0,862.0,1370.0,1100.0,835.0,1000.0,831.0,1150.0,1058.0,1062.0
2004-04-19,1050.0,882.0,1025.0,954.0,1250.0,868.0,1222.0,1112.0,922.0,1000.0,822.0,1135.0,1058.0,1000.0
2004-04-26,1050.0,865.0,1025.0,952.0,1340.0,933.0,1350.0,1125.0,904.0,900.0,910.0,1140.0,1058.0,1017.0
2004-05-03,1050.0,868.0,1032.0,951.0,1350.0,860.0,1277.0,1138.0,885.0,967.0,857.0,1145.0,1058.0,1050.0
2004-05-10,1050.0,827.0,1038.0,950.0,1215.0,894.0,1204.0,1150.0,866.0,1033.0,804.0,1150.0,1058.0,1075.0
2004-05-17,1050.0,813.0,1046.0,953.0,1380.0,901.0,1155.0,1150.0,848.0,1100.0,924.0,1150.0,1058.0,1100.0
2004-05-24,1050.0,798.0,1054.0,957.0,1358.0,876.0,1145.0,1150.0,900.0,1150.0,915.0,1150.0,1058.0,1050.0
2004-05-31,1050.0,784.0,1062.0,960.0,1310.0,890.0,1118.0,1150.0,869.0,1200.0,905.0,1150.0,1058.0,1020.0
2004-06-07,1094.0,748.0,1025.0,930.0,1300.0,865.0,1217.0,1400.0,838.0,1000.0,896.0,1180.0,1058.0,1083.0
2004-06-14,1050.0,768.0,1031.0,928.0,1400.0,858.0,1175.0,1400.0,807.0,1000.0,877.0,1170.0,1058.0,1096.0
2004-06-21,1050.0,715.0,1050.0,927.0,1425.0,830.0,1080.0,1450.0,810.0,1000.0,844.0,1160.0,1058.0,1075.0
2004-06-28,1050.0,748.0,1050.0,926.0,1350.0,830.0,1064.0,1300.0,812.0,988.0,919.0,1150.0,1058.0,1075.0
2004-07-05,1050.0,782.0,1019.0,925.0,1380.0,830.0,1048.0,1593.0,815.0,975.0,994.0,1140.0,1058.0,1075.0
2004-07-12,1025.0,725.0,1025.0,924.0,1312.0,846.0,824.0,1410.0,817.0,962.0,754.0,1136.0,1058.0,1033.0
2004-07-19,1000.0,747.0,1050.0,923.0,1262.0,840.0,1071.0,1450.0,820.0,950.0,772.0,1132.0,1058.0,1075.0
2004-07-26,1000.0,817.0,1030.0,922.0,1350.0,833.0,1078.0,1400.0,822.0,938.0,790.0,1128.0,1058.0,1083.0
2004-08-02,1000.0,740.0,1075.0,920.0,1300.0,873.0,990.0,1450.0,825.0,925.0,749.0,1150.0,1058.0,1000.0
2004-08-09,1000.0,746.0,1031.0,927.0,1280.0,861.0,1186.0,1500.0,827.0,912.0,842.0,1100.0,1058.0,1000.0
2004-08-16,1000.0,803.0,1033.0,908.0,1311.0,882.0,1038.0,1550.0,830.0,900.0,796.0,1125.0,1058.0,1000.0
2004-08-23,1000.0,805.0,1025.0,919.0,1192.0,875.0,964.0,1550.0,809.0,900.0,812.0,1133.0,1058.0,950.0
2004-08-30,1000.0,902.0,1025.0,920.0,1145.0,867.0,915.0,1550.0,823.0,900.0,715.0,1100.0,1058.0,1000.0
2004-09-06,1000.0,883.0,1025.0,924.0,1246.0,860.0,1029.0,1550.0,837.0,900.0,718.0,1150.0,1058.0,1000.0
2004-09-13,1000.0,848.0,1031.0,918.0,1155.0,869.0,1050.0,1550.0,851.0,975.0,747.0,1160.0,1058.0,950.0
2004-09-20,1000.0,876.0,1025.0,912.0,1225.0,854.0,1083.0,1550.0,851.0,975.0,776.0,1150.0,1058.0,1062.0
2004-09-27,1000.0,830.0,1025.0,931.0,1256.0,848.0,1203.0,1440.0,851.0,912.0,758.0,1160.0,1058.0,956.0
2004-10-04,1000.0,798.0,1025.0,905.0,1164.0,820.0,1168.0,1538.0,851.0,850.0,821.0,1140.0,1058.0,950.0
2004-10-11,1000.0,740.0,1025.0,919.0,1244.0,853.0,1510.0,1500.0,850.0,843.0,884.0,1180.0,1058.0,988.0
2004-10-18,1000.0,785.0,1031.0,932.0,1384.0,837.0,1354.0,1500.0,850.0,836.0,948.0,1093.0,1058.0,935.0
2004-10-25,1000.0,822.0,1025.0,918.0,1408.0,843.0,1334.0,1520.0,850.0,830.0,1011.0,1150.0,1058.0,1067.0
2004-11-01,1000.0,770.0,1025.0,965.0,1439.0,873.0,1308.0,1540.0,850.0,823.0,941.0,1150.0,1058.0,883.0
2004-11-08,1000.0,764.0,1025.0,966.0,1301.0,854.0,1212.0,1560.0,944.0,800.0,872.0,1170.0,1058.0,1050.0
2004-11-15,1000.0,750.0,1025.0,955.0,1210.0,854.0,984.0,1580.0,882.0,800.0,802.0,1152.0,1058.0,925.0
2004-11-22,1000.0,788.0,1025.0,944.0,1313.0,855.0,1057.0,1600.0,820.0,650.0,732.0,1133.0,1058.0,962.0
2004-11-29,1009.0,757.0,1025.0,917.0,1333.0,862.0,1095.0,1581.0,725.0,725.0,688.0,1164.0,1058.0,950.0
2004-12-06,1000.0,760.0,1038.0,913.0,1387.0,868.0,890.0,1562.0,727.0,785.0,688.0,1120.0,1058.0,1075.0
2004-12-13,1000.0,711.0,1025.0,878.0,1458.0,865.0,1147.0,1500.0,729.0,700.0,729.0,1108.0,1058.0,1038.0
2004-12-20,1000.0,820.0,1026.0,911.0,1306.0,879.0,1004.0,1525.0,732.0,730.0,770.0,1150.0,1058.0,1010.0
2004-12-27,1000.0,762.0,1192.0,931.0,1335.0,896.0,961.0,1550.0,734.0,730.0,714.0,1153.0,1058.0,1050.0
2005-01-03,1000.0,788.0,1325.0,928.0,1338.0,872.0,852.0,1480.0,736.0,722.0,658.0,1144.0,1058.0,986.0
2005-01-10,1000.0,732.0,1030.0,924.0,1365.0,886.0,867.0,1575.0,738.0,715.0,729.0,1135.0,1058.0,1046.0
2005-01-17,1000.0,730.0,1025.0,924.0,1130.0,890.0,846.0,1550.0,740.0,708.0,713.0,1126.0,1058.0,1028.0
2005-01-24,1034.0,767.0,1025.0,923.0,829.0,908.0,1016.0,1525.0,742.0,700.0,697.0,1118.0,1058.0,1075.0
2005-01-31,1050.0,698.0,1025.0,948.0,1025.0,907.0,1032.0,1500.0,745.0,708.0,681.0,1109.0,1058.0,1082.0
2005-02-07,1042.0,730.0,1025.0,912.0,1239.0,835.0,1269.0,1475.0,747.0,715.0,665.0,1100.0,1058.0,1083.0
2005-02-14,1050.0,778.0,1025.0,904.0,1197.0,828.0,924.0,1500.0,749.0,722.0,786.0,1112.0,1058.0,1096.0
2005-02-21,1050.0,758.0,1033.0,916.0,1300.0,820.0,886.0,1375.0,751.0,730.0,792.0,1148.0,1058.0,1055.0
2005-02-28,1050.0,740.0,990.0,924.0,1105.0,805.0,1178.0,1250.0,753.0,690.0,729.0,1130.0,1058.0,1065.0
2005-03-07,1050.0,729.0,1025.0,937.0,1048.0,789.0,1000.0,1200.0,756.0,550.0,746.0,1133.0,1058.0,1042.0
2005-03-14,1050.0,764.0,1000.0,907.0,1269.0,772.0,1296.0,1093.0,758.0,775.0,627.0,1000.0,1058.0,1090.0
2005-03-21,1042.0,718.0,1008.0,915.0,1097.0,782.0,1052.0,1085.0,760.0,550.0,742.0,1088.0,1058.0,1050.0
2005-03-28,1050.0,738.0,1025.0,920.0,1296.0,775.0,1226.0,1133.0,755.0,550.0,739.0,1040.0,1058.0,1050.0
2005-04-04,1050.0,725.0,1025.0,921.0,1295.0,765.0,1254.0,1125.0,750.0,553.0,716.0,1033.0,1058.0,1070.0
2005-04-11,1040.0,848.0,1025.0,921.0,1255.0,760.0,1171.0,1093.0,752.0,667.0,694.0,1062.0,1058.0,1060.0
2005-04-18,1050.0,875.0,1012.0,922.0,1232.0,771.0,889.0,1100.0,755.0,555.0,774.0,1067.0,1058.0,1050.0
2005-04-25,1050.0,783.0,995.0,923.0,1240.0,782.0,1011.0,1072.0,757.0,687.0,754.0,1025.0,1058.0,1075.0
2005-05-02,1058.0,755.0,1025.0,924.0,1213.0,790.0,935.0,1125.0,759.0,650.0,799.0,1117.0,1058.0,1050.0
2005-05-09,1050.0,775.0,1025.0,924.0,1260.0,793.0,895.0,1117.0,762.0,700.0,844.0,1131.0,1058.0,1108.0
2005-05-16,1050.0,810.0,1017.0,925.0,1228.0,802.0,947.0,1082.0,764.0,794.0,889.0,1083.0,1058.0,1050.0
2005-05-23,1042.0,816.0,1025.0,922.0,1195.0,788.0,841.0,1080.0,766.0,700.0,862.0,1070.0,1058.0,1023.0
2005-05-30,1050.0,710.0,1042.0,912.0,1235.0,790.0,869.0,1025.0,768.0,600.0,835.0,1030.0,1058.0,1012.0
2005-06-06,1050.0,732.0,1047.0,725.0,1200.0,792.0,910.0,1068.0,771.0,550.0,808.0,1033.0,1058.0,1052.0
2005-06-13,1050.0,716.0,1025.0,830.0,1152.0,830.0,908.0,1038.0,773.0,617.0,804.0,1100.0,1058.0,1052.0
2005-06-20,1050.0,759.0,1000.0,832.0,1248.0,834.0,828.0,1100.0,775.0,550.0,801.0,1040.0,1058.0,1056.0
2005-06-27,1060.0,747.0,1033.0,860.0,1154.0,837.0,881.0,1090.0,778.0,670.0,757.0,1040.0,1058.0,1080.0
2005-07-04,1100.0,710.0,1050.0,850.0,1198.0,848.0,866.0,1100.0,780.0,675.0,870.0,1143.0,1058.0,1078.0
2005-07-11,1100.0,768.0,1038.0,891.0,1249.0,853.0,871.0,1100.0,782.0,630.0,868.0,1125.0,1058.0,1086.0
2005-07-18,1100.0,760.0,1025.0,873.0,1219.0,850.0,901.0,1150.0,785.0,638.0,865.0,1133.0,1058.0,1076.0
2005-07-25,1100.0,769.0,990.0,880.0,1188.0,862.0,863.0,1100.0,787.0,645.0,863.0,1150.0,1058.0,1093.0
2005-08-01,1100.0,780.0,1055.0,880.0,1110.0,870.0,904.0,1096.0,789.0,800.0,861.0,1150.0,1058.0,1072.0
2005-08-08,1100.0,797.0,1067.0,884.0,1008.0,880.0,892.0,1100.0,792.0,600.0,858.0,1113.0,1058.0,1078.0
2005-08-15,1100.0,827.0,1037.0,922.0,1125.0,910.0,891.0,1100.0,794.0,600.0,856.0,1133.0,1058.0,1070.0
2005-08-22,1100.0,797.0,1060.0,912.0,1008.0,888.0,836.0,1100.0,796.0,600.0,854.0,1140.0,1058.0,1068.0
2005-08-29,1112.0,758.0,1080.0,901.0,984.0,865.0,860.0,1100.0,798.0,725.0,851.0,1150.0,1058.0,1068.0
2005-09-05,1100.0,804.0,1050.0,919.0,930.0,897.0,872.0,1100.0,801.0,612.0,849.0,1150.0,1058.0,1078.0
2005-09-12,1100.0,809.0,990.0,916.0,950.0,874.0,844.0,1100.0,803.0,600.0,847.0,1150.0,1058.0,1070.0
2005-09-19,1100.0,760.0,990.0,922.0,998.0,891.0,843.0,1117.0,805.0,712.0,844.0,1140.0,1058.0,1094.0
2005-09-26,1150.0,748.0,1020.0,908.0,995.0,879.0,835.0,1100.0,808.0,783.0,842.0,1145.0,1058.0,1081.0
2005-10-03,1150.0,718.0,1050.0,904.0,910.0,825.0,837.0,1060.0,810.0,667.0,840.0,1125.0,1058.0,1058.0
2005-10-10,1150.0,734.0,1058.0,900.0,1006.0,880.0,926.0,1100.0,792.0,733.0,837.0,1138.0,1058.0,1080.0
2005-10-17,1150.0,676.0,995.0,912.0,978.0,884.0,1236.0,1093.0,802.0,741.0,835.0,1112.0,1058.0,1090.0
2005-10-24,1150.0,860.0,1098.0,899.0,925.0,887.0,916.0,1092.0,813.0,680.0,832.0,1150.0,1058.0,1088.0
2005-10-31,1168.0,840.0,1150.0,880.0,950.0,870.0,981.0,1092.0,845.0,630.0,830.0,1150.0,1058.0,1140.0
2005-11-07,1186.0,835.0,1150.0,881.0,929.0,882.0,960.0,1092.0,849.0,645.0,828.0,1108.0,1058.0,1144.0
2005-11-14,1205.0,831.0,1150.0,881.0,909.0,893.0,940.0,1093.0,852.0,660.0,825.0,1067.0,1058.0,1149.0
2005-11-21,1223.0,826.0,1150.0,882.0,888.0,905.0,919.0,1093.0,856.0,675.0,823.0,1025.0,1058.0,1153.0
2005-11-28,1370.0,844.0,1148.0,868.0,912.0,896.0,931.0,1122.0,865.0,678.0,821.0,1158.0,1058.0,1126.0
2005-12-05,1370.0,825.0,1158.0,850.0,920.0,905.0,886.0,1150.0,801.0,695.0,818.0,1117.0,1058.0,1164.0
2005-12-12,1370.0,796.0,1150.0,847.0,935.0,882.0,887.0,1117.0,807.0,660.0,816.0,580.0,1058.0,1192.0
2005-12-19,1370.0,837.0,1075.0,856.0,900.0,874.0,890.0,1110.0,813.0,665.0,814.0,1300.0,1058.0,1140.0
2005-12-26,1370.0,819.0,1100.0,858.0,905.0,862.0,887.0,1105.0,818.0,632.0,811.0,942.0,1058.0,1173.0
2006-01-02,1370.0,801.0,1125.0,861.0,911.0,849.0,885.0,1100.0,824.0,600.0,809.0,585.0,1058.0,1205.0
2006-01-09,1370.0,904.0,1150.0,846.0,916.0,873.0,882.0,1108.0,830.0,607.0,818.0,1310.0,1058.0,1238.0
2006-01-16,1297.0,927.0,1112.0,926.0,942.0,875.0,861.0,1100.0,831.0,700.0,900.0,1310.0,1058.0,1220.0
2006-01-23,1150.0,896.0,1186.0,1000.0,962.0,910.0,873.0,1110.0,831.0,602.0,812.0,1267.0,1058.0,1224.0
2006-01-30,1150.0,824.0,1320.0,1030.0,943.0,952.0,936.0,1100.0,831.0,650.0,818.0,1275.0,1058.0,1258.0
2006-02-06,1194.0,772.0,1160.0,1000.0,891.0,970.0,1052.0,1120.0,834.0,650.0,823.0,1300.0,1058.0,1165.0
2006-02-13,1150.0,830.0,1210.0,973.0,812.0,882.0,890.0,1100.0,838.0,652.0,829.0,1283.0,1058.0,1193.0
2006-02-20,1150.0,845.0,1200.0,966.0,941.0,878.0,949.0,1108.0,844.0,635.0,834.0,1303.0,1058.0,1128.0
2006-02-27,1297.0,1006.0,1200.0,975.0,933.0,910.0,965.0,1100.0,850.0,617.0,840.0,1298.0,1058.0,1206.0
2006-03-06,1274.0,902.0,1217.0,944.0,942.0,875.0,883.0,1100.0,896.0,600.0,846.0,1261.0,1058.0,1215.0
2006-03-13,1197.0,849.0,1300.0,942.0,947.0,876.0,934.0,1110.0,889.0,600.0,851.0,1256.0,1058.0,1174.0
2006-03-20,1254.0,925.0,1240.0,948.0,943.0,873.0,952.0,1150.0,897.0,712.0,857.0,1278.0,1058.0,1137.0
2006-03-27,1182.0,888.0,1250.0,952.0,989.0,938.0,900.0,1150.0,930.0,600.0,858.0,1285.0,1058.0,1125.0
2006-04-03,1197.0,880.0,1280.0,990.0,1040.0,898.0,962.0,1150.0,930.0,850.0,859.0,1325.0,1058.0,1235.0
2006-04-10,1215.0,832.0,1300.0,950.0,1055.0,859.0,948.0,1170.0,922.0,775.0,912.0,1378.0,1058.0,1148.0
2006-04-17,1215.0,853.0,1110.0,1005.0,1063.0,846.0,1000.0,1300.0,1014.0,758.0,964.0,1475.0,1058.0,1223.0
2006-04-24,1150.0,892.0,1300.0,1000.0,1083.0,888.0,947.0,1295.0,1000.0,800.0,1017.0,1406.0,1058.0,1175.0
2006-05-01,1150.0,944.0,1300.0,1048.0,1069.0,960.0,945.0,1325.0,1010.0,815.0,1017.0,1442.0,1058.0,1183.0
2006-05-08,1250.0,990.0,1256.0,1097.0,1083.0,1000.0,940.0,1308.0,1021.0,867.0,1016.0,1458.0,1058.0,1062.0
2006-05-15,1350.0,998.0,1300.0,1061.0,1093.0,1008.0,1018.0,1325.0,1015.0,1000.0,1016.0,1400.0,1058.0,1270.0
2006-05-22,1350.0,1129.0,1300.0,1113.0,1155.0,1006.0,1018.0,1333.0,1159.0,900.0,1015.0,1400.0,1058.0,1350.0
2006-05-29,1500.0,1102.0,1319.0,1125.0,1169.0,1010.0,976.0,1338.0,1090.0,967.0,1015.0,1428.0,1058.0,1343.0
2006-06-05,1683.0,976.0,1425.0,1092.0,1204.0,1015.0,968.0,1354.0,1020.0,1100.0,1014.0,1428.0,1058.0,1288.0
2006-06-12,1750.0,930.0,1450.0,1067.0,1145.0,1025.0,967.0,1279.0,1073.0,1000.0,1014.0,1420.0,1028.0,1403.0
2006-06-19,1750.0,992.0,1450.0,1118.0,1158.0,1035.0,985.0,1326.0,977.0,1000.0,1013.0,1422.0,1049.0,1402.0
2006-06-26,1583.0,1023.0,1450.0,1101.0,1213.0,1045.0,1013.0,1332.0,990.0,1000.0,1013.0,1407.0,1064.0,1433.0
2006-07-03,1417.0,966.0,1450.0,999.0,1167.0,1070.0,1003.0,1350.0,1022.0,1000.0,999.0,1412.0,1064.0,1475.0
2006-07-10,1432.0,983.0,1450.0,945.0,1165.0,1095.0,991.0,1260.0,1055.0,950.0,1013.0,1452.0,999.0,1440.0
2006-07-17,1462.0,987.0,1450.0,994.0,1094.0,1120.0,1020.0,1283.0,1066.0,1017.0,1084.0,1428.0,1058.0,1417.0
2006-07-24,1458.0,1035.0,1450.0,1020.0,1117.0,1020.0,1077.0,1317.0,1076.0,1025.0,934.0,1428.0,1070.0,1425.0
2006-07-31,1488.0,1070.0,1450.0,1100.0,1142.0,1040.0,1062.0,1270.0,1107.0,1033.0,1084.0,1433.0,1060.0,1438.0
2006-08-07,1470.0,1052.0,1450.0,1100.0,1108.0,1060.0,1060.0,1325.0,1137.0,1100.0,1100.0,1438.0,1070.0,1500.0
2006-08-14,1450.0,1090.0,1462.0,1088.0,1125.0,1150.0,1080.0,1332.0,1168.0,900.0,1116.0,1450.0,1055.0,1470.0
2006-08-21,1450.0,1107.0,1350.0,1075.0,1119.0,1065.0,1109.0,1338.0,1198.0,1100.0,1169.0,1464.0,1080.0,1450.0
2006-08-28,1450.0,1150.0,1350.0,1062.0,1158.0,1052.0,1136.0,1250.0,1229.0,1025.0,1278.0,1542.0,1119.0,1488.0
2006-09-04,1454.0,1158.0,1350.0,1050.0,1195.0,1038.0,1178.0,1342.0,1209.0,1100.0,1337.0,1519.0,1125.0,1479.0
2006-09-11,1450.0,1121.0,1350.0,1038.0,1200.0,1114.0,1208.0,1300.0,1230.0,1162.0,1233.0,1525.0,1136.0,1588.0
2006-09-18,1490.0,1158.0,1353.0,1025.0,1246.0,1191.0,1161.0,1325.0,1251.0,1025.0,1208.0,1528.0,1148.0,1600.0
2006-09-25,1550.0,1163.0,1357.0,1050.0,1290.0,1192.0,1136.0,1183.0,1134.0,1083.0,1166.0,1510.0,1147.0,1590.0
2006-10-02,1550.0,1120.0,1360.0,1050.0,1210.0,1194.0,1162.0,1190.0,1311.0,1150.0,1063.0,1500.0,1123.0,1575.0
2006-10-09,1550.0,1132.0,1363.0,1203.0,1275.0,1195.0,1047.0,1150.0,1050.0,1000.0,1045.0,1535.0,1110.0,1630.0
2006-10-16,1790.0,1190.0,1367.0,1110.0,1302.0,1196.0,1101.0,1150.0,1115.0,1000.0,1067.0,1540.0,1120.0,1670.0
2006-10-23,1895.0,1183.0,1370.0,1070.0,1300.0,1197.0,1035.0,1125.0,1117.0,1000.0,1120.0,1530.0,1090.0,1688.0
2006-10-30,2000.0,1140.0,1373.0,1030.0,1304.0,1199.0,1109.0,1150.0,1104.0,1125.0,1088.0,1540.0,1098.0,1650.0
2006-11-06,1730.0,1190.0,1377.0,1033.0,1300.0,1200.0,1127.0,1140.0,1118.0,1112.0,1130.0,1580.0,1136.0,1640.0
2006-11-13,1700.0,1217.0,1380.0,1038.0,1325.0,1201.0,1154.0,1167.0,1166.0,1100.0,1082.0,1620.0,1175.0,1683.0
2006-11-20,1875.0,1172.0,1383.0,1090.0,1292.0,1202.0,1157.0,1112.0,1176.0,1000.0,1179.0,1610.0,1182.0,1570.0
2006-11-27,1755.0,1190.0,1387.0,1020.0,1395.0,1204.0,1125.0,1108.0,1230.0,1100.0,1097.0,1650.0,1150.0,1650.0
2006-12-04,1819.0,1205.0,1390.0,1033.0,1412.0,1205.0,1125.0,1100.0,1201.0,1050.0,1203.0,1625.0,1158.0,1700.0
2006-12-11,1788.0,1150.0,1393.0,1142.0,1406.0,1206.0,1073.0,1130.0,1280.0,1000.0,1169.0,1630.0,1195.0,1550.0
2006-12-18,1858.0,1100.0,1397.0,1250.0,1346.0,1208.0,1148.0,1100.0,1266.0,1150.0,1154.0,1630.0,1155.0,1675.0
2006-12-25,1807.0,1212.0,1400.0,975.0,1269.0,1209.0,1100.0,1267.0,1274.0,1000.0,1220.0,1650.0,1155.0,1638.0
2007-01-01,1782.0,1055.0,1400.0,1002.0,1300.0,1210.0,1211.0,1267.0,1281.0,1000.0,1245.0,1650.0,1160.0,1600.0
2007-01-08,1824.0,1067.0,1400.0,1030.0,1275.0,1211.0,1236.0,1310.0,1289.0,1000.0,1270.0,1640.0,1165.0,1600.0
2007-01-15,1700.0,1220.0,1425.0,1075.0,1300.0,1213.0,1258.0,1325.0,1171.0,1000.0,1173.0,1640.0,1160.0,1600.0
2007-01-22,1738.0,1215.0,1450.0,1088.0,1330.0,1214.0,1130.0,1267.0,1219.0,1000.0,1275.0,1650.0,1156.0,1667.0
2007-01-29,1797.0,1250.0,1475.0,1097.0,1325.0,1215.0,1285.0,1400.0,1209.0,1006.0,1273.0,1700.0,1151.0,1367.0
2007-02-05,1798.0,1242.0,1483.0,1106.0,1317.0,1216.0,1315.0,1379.0,1199.0,1012.0,1271.0,1650.0,1146.0,1478.0
2007-02-12,1799.0,1233.0,1492.0,1116.0,1308.0,1218.0,1345.0,1359.0,1189.0,1019.0,1269.0,1600.0,1141.0,1589.0
2007-02-19,1800.0,1225.0,1500.0,1125.0,1300.0,1219.0,1300.0,1338.0,1341.0,1025.0,1024.0,1612.0,1136.0,1700.0
2007-02-26,1800.0,1067.0,1500.0,1280.0,1235.0,1146.0,1132.0,1333.0,1123.0,1100.0,1116.0,1500.0,1132.0,1600.0
2007-03-05,1400.0,955.0,1817.0,1108.0,1283.0,1067.0,1138.0,1362.0,970.0,1100.0,1107.0,1420.0,1127.0,1633.0
2007-03-12,1412.0,1060.0,1480.0,1113.0,1306.0,1059.0,1116.0,1360.0,988.0,1010.0,1098.0,1352.0,1122.0,1520.0
2007-03-19,1425.0,1010.0,1433.0,1141.0,1290.0,1090.0,1167.0,1390.0,1080.0,1140.0,1089.0,1359.0,1118.0,1540.0
2007-03-26,1419.0,1042.0,1440.0,1110.0,1400.0,1116.0,1216.0,1340.0,1101.0,1147.0,1080.0,1329.0,1113.0,1508.0
2007-04-02,1435.0,1200.0,1217.0,1280.0,1506.0,1098.0,1150.0,1350.0,1100.0,1168.0,1071.0,1428.0,1108.0,1520.0
2007-04-09,1438.0,1125.0,1200.0,1365.0,1550.0,1091.0,1180.0,1412.0,1225.0,1050.0,1062.0,1410.0,1103.0,1438.0
2007-04-16,1431.0,1200.0,1200.0,1198.0,1488.0,1083.0,1264.0,1375.0,1154.0,1215.0,1052.0,1406.0,1098.0,1467.0
2007-04-23,1435.0,1200.0,1200.0,1255.0,1575.0,1076.0,1178.0,1388.0,1251.0,1170.0,1043.0,1405.0,1094.0,1483.0
2007-04-30,1438.0,1218.0,1230.0,1224.0,1621.0,1022.0,1216.0,1420.0,1030.0,1201.0,1034.0,1400.0,1089.0,1460.0
2007-05-07,1407.0,1175.0,1200.0,1144.0,1612.0,1030.0,1070.0,1440.0,950.0,1100.0,1025.0,1400.0,1084.0,1450.0
2007-05-14,1414.0,1100.0,1162.0,1117.0,1450.0,962.0,1048.0,1420.0,920.0,1133.0,1016.0,1395.0,1080.0,1500.0
2007-05-21,1425.0,990.0,1225.0,1200.0,1538.0,1001.0,1186.0,1467.0,905.0,1166.0,1007.0,1382.0,1075.0,1100.0
2007-05-28,1364.0,1030.0,1233.0,1173.0,1592.0,961.0,1099.0,1520.0,890.0,1200.0,1076.0,1374.0,1070.0,1425.0
2007-06-04,1300.0,1050.0,1200.0,1210.0,1664.0,878.0,1096.0,1583.0,858.0,1288.0,1021.0,1365.0,1038.0,1500.0
2007-06-11,1294.0,1008.0,1167.0,1302.0,1700.0,908.0,1068.0,1533.0,850.0,1225.0,1111.0,1371.0,1037.0,1438.0
2007-06-18,1300.0,1020.0,1150.0,1210.0,1805.0,939.0,1058.0,1390.0,958.0,1325.0,1022.0,1375.0,1030.0,1470.0
2007-06-25,1300.0,950.0,1150.0,1243.0,1915.0,970.0,1089.0,1408.0,975.0,1200.0,1074.0,1375.0,1060.0,1440.0
2007-07-02,1177.0,1025.0,1200.0,1242.0,1917.0,1000.0,1108.0,1420.0,968.0,1200.0,1120.0,1400.0,1061.0,1417.0
2007-07-09,1157.0,1077.0,1150.0,1244.0,1945.0,1107.0,1035.0,1414.0,960.0,1200.0,834.0,1400.0,1088.0,1438.0
2007-07-16,1283.0,970.0,1150.0,1234.0,1990.0,1095.0,1080.0,1355.0,923.0,1200.0,1060.0,1452.0,1108.0,1433.0
2007-07-23,1283.0,1120.0,1300.0,1180.0,2004.0,1186.0,1046.0,1350.0,886.0,1269.0,1143.0,1400.0,1158.0,1425.0
2007-07-30,1325.0,1110.0,1300.0,1182.0,1908.0,1126.0,1062.0,1333.0,849.0,1338.0,1099.0,1400.0,1164.0,1460.0
2007-08-06,1325.0,1105.0,1300.0,1326.0,2050.0,1129.0,1110.0,1200.0,812.0,1200.0,1247.0,1400.0,1163.0,1450.0
2007-08-13,1325.0,1100.0,1300.0,1470.0,2200.0,1132.0,1092.0,1320.0,775.0,1250.0,1027.0,1400.0,1158.0,1467.0
2007-08-20,1420.0,1054.0,1300.0,1200.0,2300.0,1165.0,1072.0,1325.0,738.0,1500.0,970.0,1400.0,1145.0,1450.0
2007-08-27,1420.0,1054.0,1300.0,1205.0,2388.0,1132.0,1048.0,1365.0,701.0,1750.0,1008.0,1400.0,1130.0,1433.0
2007-09-03,1420.0,1112.0,1225.0,1237.0,2350.0,1039.0,997.0,1362.0,822.0,1500.0,1059.0,1433.0,1132.0,1438.0
2007-09-10,1420.0,1066.0,1217.0,1248.0,2183.0,1002.0,962.0,1325.0,944.0,1650.0,944.0,1400.0,1135.0,1450.0
2007-09-17,1420.0,1115.0,1250.0,1224.0,2120.0,1063.0,1110.0,1300.0,1065.0,1800.0,928.0,1487.0,1130.0,1433.0
2007-09-24,1420.0,1030.0,1250.0,1199.0,2112.0,1015.0,1250.0,1380.0,1013.0,1775.0,1012.0,1447.0,1133.0,1460.0
2007-10-01,1420.0,975.0,1238.0,1175.0,2100.0,1026.0,1030.0,1406.0,905.0,1750.0,995.0,1435.0,1136.0,1450.0
2007-10-08,1420.0,1000.0,1250.0,1177.0,2267.0,1006.0,1000.0,1325.0,1030.0,1600.0,976.0,1423.0,1139.0,1400.0
2007-10-15,1420.0,1088.0,1200.0,1200.0,2283.0,1076.0,1010.0,1442.0,951.0,1438.0,1065.0,1427.0,1142.0,1450.0
2007-10-22,1420.0,1070.0,1200.0,1220.0,2260.0,1033.0,1076.0,1420.0,1022.0,2200.0,1154.0,1450.0,1145.0,1433.0
2007-10-29,1447.0,1010.0,1283.0,1213.0,2310.0,1019.0,1107.0,1333.0,1051.0,1100.0,1059.0,1475.0,1139.0,1433.0
2007-11-05,1500.0,1007.0,1300.0,1302.0,2338.0,1036.0,1084.0,1340.0,960.0,1450.0,1192.0,1500.0,1160.0,1467.0
2007-11-12,1500.0,1100.0,1233.0,1365.0,2400.0,1338.0,1122.0,1362.0,950.0,1800.0,1055.0,1442.0,1154.0,1417.0
2007-11-19,1500.0,1042.0,1231.0,1243.0,2633.0,1011.0,1121.0,1346.0,1268.0,1800.0,1072.0,1444.0,1148.0,1440.0
2007-11-26,1500.0,1108.0,1250.0,1192.0,2690.0,975.0,1077.0,1325.0,946.0,1800.0,1095.0,1438.0,1141.0,1450.0
2007-12-03,1500.0,1110.0,1310.0,1312.0,2600.0,1056.0,1057.0,1330.0,970.0,1800.0,1176.0,1444.0,1135.0,1520.0
2007-12-10,1500.0,1158.0,1400.0,1368.0,2525.0,1044.0,1022.0,1300.0,984.0,1800.0,1098.0,1467.0,1155.0,1525.0
2007-12-17,1500.0,1130.0,1420.0,1332.0,1583.0,1033.0,971.0,1317.0,975.0,1800.0,976.0,1490.0,1175.0,1550.0
2007-12-24,1500.0,1238.0,1425.0,1342.0,1680.0,1021.0,1061.0,1367.0,966.0,1650.0,1102.0,1490.0,1181.0,1550.0
2007-12-31,1500.0,1144.0,1462.0,1301.0,1490.0,1009.0,1040.0,1408.0,957.0,1500.0,1081.0,1495.0,1187.0,1512.0
2008-01-07,1500.0,1050.0,1500.0,1260.0,1300.0,997.0,1018.0,1450.0,948.0,1350.0,1060.0,1500.0,1193.0,1475.0
2008-01-14,1500.0,1225.0,1480.0,1287.0,1292.0,986.0,1028.0,1455.0,939.0,1200.0,1084.0,1544.0,1199.0,1550.0
2008-01-21,1500.0,1131.0,1475.0,1337.0,1312.0,974.0,1110.0,1450.0,876.0,1050.0,1250.0,1550.0,1204.0,1525.0
2008-01-28,1500.0,1162.0,1475.0,1286.0,1295.0,962.0,1014.0,1412.0,1009.0,1040.0,860.0,1500.0,1210.0,1538.0
2008-02-04,1500.0,1147.0,1483.0,1274.0,1308.0,950.0,1168.0,1400.0,1048.0,1030.0,1304.0,1500.0,1216.0,1438.0
2008-02-11,1450.0,1110.0,1475.0,1335.0,1460.0,1000.0,1286.0,1390.0,1086.0,1020.0,1036.0,1500.0,1222.0,1450.0
2008-02-18,1450.0,1154.0,1475.0,1383.0,1338.0,1049.0,1254.0,1415.0,1125.0,1010.0,1077.0,1500.0,1228.0,1550.0
2008-02-25,1450.0,1042.0,1475.0,1267.0,1329.0,1081.0,1218.0,1380.0,1268.0,1000.0,1118.0,1500.0,1234.0,1538.0
2008-03-03,1450.0,1122.0,1475.0,1240.0,1346.0,1091.0,1188.0,1488.0,1225.0,1100.0,1159.0,1600.0,1250.0,1550.0
2008-03-10,1450.0,1125.0,1475.0,1258.0,1338.0,1196.0,1187.0,1500.0,1182.0,1100.0,1260.0,1602.0,1225.0,1538.0
2008-03-17,1450.0,1192.0,1475.0,1273.0,1350.0,985.0,1297.0,1500.0,1268.0,1100.0,1157.0,1582.0,1235.0,1575.0
2008-03-24,1450.0,1095.0,1475.0,1259.0,1388.0,1170.0,1276.0,1505.0,1213.0,1100.0,1128.0,1578.0,1220.0,1533.0
2008-03-31,1450.0,1110.0,1475.0,1250.0,1475.0,1159.0,1277.0,1510.0,1162.0,1135.0,1114.0,1566.0,1212.0,1600.0
2008-04-07,1550.0,1117.0,1475.0,1373.0,1525.0,1158.0,1279.0,1515.0,1112.0,1100.0,1093.0,1545.0,1181.0,1500.0
2008-04-14,1562.0,1078.0,1475.0,1331.0,1508.0,1003.0,1247.0,1520.0,1125.0,1225.0,1075.0,1557.0,1130.0,1550.0
2008-04-21,1575.0,1025.0,1475.0,1356.0,1535.0,1172.0,1355.0,1525.0,1111.0,1233.0,949.0,1550.0,1080.0,1612.0
2008-04-28,1575.0,1012.0,1475.0,1375.0,1567.0,1150.0,1264.0,1675.0,992.0,1067.0,1024.0,1550.0,1132.0,1575.0
2008-05-05,1575.0,1060.0,1475.0,1238.0,1520.0,1151.0,1228.0,1670.0,1115.0,1062.0,1051.0,1500.0,940.0,1500.0
2008-05-12,1575.0,1000.0,1475.0,1327.0,1525.0,1211.0,1271.0,1672.0,811.0,1100.0,943.0,1510.0,950.0,1650.0
2008-05-19,1575.0,1030.0,1475.0,1365.0,1508.0,1070.0,1343.0,1468.0,721.0,1017.0,898.0,1532.0,927.0,1633.0
2008-05-26,1575.0,1000.0,1475.0,1456.0,1520.0,1135.0,1434.0,1482.0,1120.0,1050.0,967.0,1510.0,960.0,1650.0
2008-06-02,1575.0,1025.0,1510.0,1301.0,1529.0,1085.0,1397.0,1400.0,1076.0,1100.0,1022.0,1568.0,962.0,1650.0
2008-06-09,1575.0,1042.0,1525.0,1400.0,1538.0,1008.0,1428.0,1383.0,1036.0,1050.0,898.0,1578.0,1031.0,1700.0
2008-06-16,1575.0,1006.0,1500.0,1400.0,1485.0,930.0,1373.0,1408.0,1200.0,1025.0,976.0,1450.0,1250.0,1650.0
2008-06-23,1575.0,1088.0,1500.0,1425.0,1538.0,1013.0,1380.0,1375.0,1162.0,1000.0,1147.0,1525.0,992.0,1690.0
2008-06-30,1575.0,1113.0,1453.0,1415.0,1517.0,1054.0,1388.0,1408.0,1269.0,1077.0,966.0,1515.0,1020.0,1662.0
2008-07-07,1575.0,1080.0,1448.0,1427.0,1483.0,1032.0,1328.0,1338.0,1076.0,1075.0,1020.0,1500.0,1054.0,1670.0
2008-07-14,1575.0,1152.0,1430.0,1446.0,1500.0,1050.0,1281.0,1360.0,901.0,1062.0,1039.0,1500.0,1196.0,1633.0
2008-07-21,1596.0,1140.0,1526.0,1454.0,1470.0,930.0,1368.0,1320.0,1136.0,1133.0,958.0,1562.0,1106.0,1725.0
2008-07-28,1600.0,1214.0,1538.0,1469.0,1504.0,1102.0,1353.0,1375.0,1102.0,1075.0,931.0,1538.0,1158.0,1750.0
2008-08-04,1600.0,1250.0,1550.0,1465.0,1517.0,1090.0,1362.0,1455.0,1152.0,1175.0,1065.0,1583.0,1061.0,1740.0
2008-08-11,1600.0,1200.0,1550.0,1469.0,1550.0,1125.0,1208.0,1415.0,1201.0,1162.0,1046.0,1527.0,1062.0,1750.0
2008-08-18,1600.0,1184.0,1550.0,1442.0,1550.0,1150.0,1252.0,1442.0,725.0,1148.0,1046.0,1667.0,1063.0,1700.0
2008-08-25,1600.0,1212.0,1567.0,1415.0,1550.0,1200.0,1254.0,1450.0,801.0,1115.0,1103.0,1762.0,1020.0,1675.0
2008-09-01,1600.0,1175.0,1550.0,1430.0,1460.0,1158.0,1200.0,1400.0,959.0,1100.0,1050.0,1700.0,1044.0,1660.0
2008-09-08,1600.0,1188.0,1550.0,1444.0,1421.0,1077.0,1306.0,1367.0,1020.0,1150.0,1102.0,1817.0,1069.0,1650.0
2008-09-15,1600.0,1125.0,1550.0,1412.0,1412.0,1185.0,1280.0,1383.0,751.0,1127.0,1034.0,1800.0,1086.0,1638.0
2008-09-22,1600.0,1100.0,1550.0,1421.0,1394.0,1147.0,1192.0,1398.0,950.0,1104.0,1039.0,1675.0,1089.0,1638.0
2008-09-29,1600.0,1080.0,1550.0,1430.0,1375.0,1109.0,1105.0,1414.0,1148.0,1081.0,1044.0,1550.0,1093.0,1638.0
2008-10-06,1600.0,1060.0,1550.0,1400.0,1330.0,1057.0,1185.0,1375.0,1082.0,1032.0,1042.0,1600.0,1096.0,1688.0
2008-10-13,1600.0,1093.0,1550.0,1425.0,1350.0,1004.0,1275.0,1288.0,1016.0,1040.0,987.0,1550.0,1100.0,1675.0
2008-10-20,1600.0,1066.0,1550.0,1425.0,1367.0,952.0,1276.0,1433.0,950.0,1047.0,1044.0,1550.0,1103.0,1650.0
2008-10-27,1600.0,1080.0,1550.0,1400.0,1350.0,900.0,1208.0,1398.0,1051.0,1042.0,978.0,1567.0,1053.0,1650.0
2008-11-03,1600.0,1070.0,1550.0,1425.0,1308.0,1000.0,1040.0,1358.0,1217.0,1000.0,1000.0,1650.0,1035.0,1667.0
2008-11-10,1600.0,1090.0,1550.0,1417.0,1247.0,1101.0,1162.0,1319.0,950.0,1025.0,1118.0,1600.0,1166.0,1670.0
2008-11-17,1600.0,1076.0,1630.0,1419.0,1275.0,1050.0,1158.0,1279.0,904.0,1035.0,1074.0,1625.0,1147.0,1675.0
2008-11-24,1600.0,1088.0,1650.0,1425.0,1270.0,1050.0,1188.0,1240.0,859.0,1046.0,1079.0,1650.0,1108.0,1667.0
2008-12-01,1600.0,1102.0,1588.0,1400.0,1256.0,1050.0,1078.0,1200.0,955.0,1056.0,1060.0,1688.0,1151.0,1675.0
2008-12-08,1588.0,1103.0,1550.0,1442.0,1257.0,925.0,1265.0,1288.0,953.0,1067.0,1015.0,1550.0,1176.0,1658.0
2008-12-15,1600.0,1095.0,1550.0,1425.0,1233.0,1025.0,1212.0,1331.0,952.0,1077.0,1145.0,1550.0,1200.0,1650.0
2008-12-22,1600.0,1113.0,1550.0,1400.0,1300.0,1125.0,1310.0,1595.0,950.0,1088.0,1015.0,1600.0,1220.0,1650.0
2008-12-29,1600.0,1132.0,1550.0,1410.0,1293.0,1112.0,1246.0,1547.0,900.0,1098.0,1027.0,1583.0,1240.0,1650.0
2009-01-05,1600.0,1150.0,1550.0,1419.0,1285.0,1100.0,1182.0,1498.0,851.0,1108.0,1038.0,1567.0,1260.0,1650.0
2009-01-12,1600.0,1188.0,1550.0,1428.0,1278.0,1088.0,1118.0,1450.0,801.0,1119.0,1050.0,1550.0,1280.0,1650.0
2009-01-19,1600.0,1178.0,1550.0,1438.0,1262.0,1075.0,1203.0,1450.0,1069.0,1129.0,1001.0,1588.0,1300.0,1650.0
2009-01-26,1580.0,1169.0,1550.0,1444.0,1256.0,1117.0,1212.0,1500.0,1111.0,1140.0,1106.0,1558.0,1320.0,1638.0
2009-02-02,1627.0,1205.0,1550.0,1450.0,1306.0,1159.0,1305.0,1250.0,1080.0,1150.0,987.0,1725.0,1340.0,1650.0
2009-02-09,1760.0,1150.0,1552.0,1425.0,1370.0,1201.0,1288.0,1512.0,982.0,1160.0,1097.0,1630.0,1324.0,1650.0
2009-02-16,1760.0,1198.0,1555.0,1436.0,1470.0,1216.0,1345.0,1500.0,1173.0,1171.0,1076.0,1600.0,1307.0,1650.0
2009-02-23,1760.0,1175.0,1555.0,1438.0,1375.0,1188.0,1294.0,1476.0,1022.0,1181.0,1052.0,1600.0,1291.0,1650.0
2009-03-02,1705.0,1150.0,1555.0,1440.0,1375.0,1225.0,1209.0,1455.0,1172.0,1192.0,1134.0,1600.0,1275.0,1650.0
2009-03-09,1650.0,1119.0,1555.0,1438.0,1425.0,1200.0,1220.0,1458.0,1158.0,1202.0,1017.0,1590.0,1258.0,1650.0
2009-03-16,1592.0,1088.0,1575.0,1300.0,1500.0,1228.0,1220.0,1507.0,1152.0,1212.0,1076.0,1605.0,1242.0,1650.0
2009-03-23,1650.0,1132.0,1612.0,1381.0,1550.0,1141.0,1232.0,1478.0,1166.0,1223.0,1082.0,1640.0,1225.0,1650.0
2009-03-30,1650.0,1138.0,1650.0,1200.0,1533.0,1147.0,1245.0,1250.0,1168.0,1233.0,1078.0,1650.0,1209.0,1750.0
2009-04-06,1650.0,1140.0,1365.0,1375.0,1600.0,1118.0,1210.0,1388.0,1145.0,1244.0,1095.0,1688.0,1193.0,1740.0
2009-04-13,1650.0,1135.0,1575.0,1403.0,1650.0,1150.0,1163.0,1525.0,1178.0,1254.0,1073.0,1730.0,1176.0,1733.0
2009-04-20,1680.0,1142.0,1380.0,1432.0,1560.0,1142.0,1244.0,1400.0,1176.0,1265.0,1150.0,1733.0,1160.0,1738.0
2009-04-27,1700.0,1154.0,1587.0,1460.0,1533.0,1133.0,1280.0,1400.0,1174.0,1275.0,1088.0,1742.0,1162.0,1700.0
2009-05-04,1750.0,1165.0,1550.0,1488.0,1605.0,1160.0,1245.0,1450.0,1168.0,1285.0,1073.0,1600.0,1171.0,1717.0
2009-05-11,1750.0,1180.0,1550.0,1514.0,1650.0,1162.0,872.0,1450.0,1196.0,1296.0,1078.0,1550.0,1181.0,1738.0
2009-05-18,1750.0,1140.0,1315.0,1507.0,1562.0,1182.0,1235.0,1483.0,1225.0,1306.0,1161.0,1750.0,1190.0,1732.0
2009-05-25,1733.0,1145.0,1650.0,1500.0,1456.0,1201.0,1231.0,1517.0,1230.0,1317.0,1127.0,1700.0,1170.0,1725.0
2009-06-01,1750.0,1100.0,1387.0,1469.0,1508.0,1221.0,1211.0,1550.0,1164.0,1327.0,1144.0,1783.0,1242.0,1683.0
2009-06-08,1683.0,1117.0,1550.0,1444.0,1512.0,1241.0,1198.0,1488.0,1168.0,1338.0,1100.0,1550.0,1244.0,1720.0
2009-06-15,1650.0,1117.0,1625.0,1508.0,1519.0,1261.0,1184.0,1538.0,1158.0,1348.0,1105.0,1570.0,1246.0,1725.0
2009-06-22,1717.0,1150.0,1650.0,1500.0,1475.0,1280.0,1155.0,1600.0,1200.0,1358.0,1092.0,1575.0,1248.0,1488.0
2009-06-29,1750.0,1125.0,1666.0,1500.0,1442.0,1300.0,1160.0,1650.0,1160.0,1369.0,1051.0,1588.0,1249.0,1740.0
2009-07-06,1750.0,1133.0,1650.0,1495.0,1519.0,1150.0,1142.0,1650.0,1120.0,1379.0,1098.0,1600.0,1251.0,1738.0
2009-07-13,1750.0,1140.0,1550.0,1494.0,1500.0,1208.0,1157.0,1650.0,1180.0,1390.0,1093.0,1725.0,1253.0,1750.0
2009-07-20,1800.0,1148.0,1600.0,1475.0,1500.0,1185.0,1196.0,1680.0,1226.0,1400.0,1064.0,1588.0,1255.0,1575.0
2009-07-27,1900.0,1138.0,1690.0,1500.0,1502.0,1230.0,1208.0,1710.0,1176.0,1333.0,1160.0,1650.0,1257.0,1733.0
2009-08-03,1900.0,1180.0,1700.0,1504.0,1505.0,1256.0,1200.0,1675.0,1185.0,1267.0,1159.0,1600.0,1259.0,1734.0
2009-08-10,1900.0,1189.0,1683.0,1507.0,1507.0,1240.0,1200.0,1661.0,1194.0,1200.0,1158.0,1650.0,1261.0,1734.0
2009-08-17,1900.0,1199.0,1667.0,1510.0,1509.0,1220.0,1205.0,1647.0,1204.0,1133.0,1157.0,1700.0,1263.0,1734.0
2009-08-24,1900.0,1208.0,1650.0,1514.0,1511.0,1200.0,1210.0,1633.0,1213.0,1067.0,1156.0,1750.0,1264.0,1735.0
2009-08-31,1900.0,1218.0,1750.0,1518.0,1514.0,1188.0,1215.0,1619.0,1222.0,1000.0,1110.0,1675.0,1266.0,1736.0
2009-09-07,1900.0,1227.0,1745.0,1521.0,1516.0,1175.0,1220.0,1606.0,1232.0,933.0,1140.0,1600.0,1268.0,1736.0
2009-09-14,1912.0,1237.0,1740.0,1524.0,1518.0,1187.0,1225.0,1592.0,1241.0,867.0,1170.0,1550.0,1270.0,1736.0
2009-09-21,1925.0,1246.0,1550.0,1528.0,1520.0,1165.0,1230.0,1578.0,1250.0,800.0,1248.0,1850.0,1272.0,1737.0
2009-09-28,1938.0,1256.0,1600.0,1532.0,1523.0,1210.0,1235.0,1564.0,1270.0,1285.0,1123.0,1788.0,1274.0,1738.0
2009-10-05,1950.0,1265.0,1750.0,1535.0,1525.0,1270.0,1240.0,1550.0,1290.0,1150.0,1166.0,1725.0,1276.0,1738.0
2009-10-12,1950.0,1275.0,1638.0,1444.0,1538.0,1287.0,1275.0,1533.0,1298.0,1000.0,1163.0,1725.0,1277.0,1650.0
2009-10-19,1950.0,1278.0,1700.0,1479.0,1513.0,1304.0,1290.0,1550.0,1324.0,1112.0,1245.0,1696.0,1279.0,1750.0
2009-10-26,1950.0,1282.0,1625.0,1514.0,1533.0,1321.0,1337.0,1550.0,1372.0,1225.0,1171.0,1667.0,1281.0,1720.0
2009-11-02,1950.0,1338.0,1675.0,1468.0,1525.0,1338.0,1470.0,1550.0,1535.0,1000.0,1254.0,1600.0,1283.0,1775.0
2009-11-09,1950.0,1430.0,1675.0,1446.0,1567.0,1419.0,1606.0,1612.0,1637.0,927.0,1381.0,1600.0,1285.0,2000.0
2009-11-16,1950.0,1405.0,1675.0,1416.0,1562.0,1500.0,1610.0,1710.0,1690.0,853.0,1406.0,1667.0,1287.0,2000.0
2009-11-23,1950.0,1421.0,1715.0,1405.0,1675.0,1462.0,1544.0,1708.0,1556.0,780.0,1470.0,1575.0,1289.0,2000.0
2009-11-30,1950.0,1395.0,1650.0,1426.0,1669.0,1432.0,1434.0,1769.0,1461.0,780.0,1276.0,1850.0,1291.0,2000.0
2009-12-07,1950.0,1400.0,1750.0,1397.0,1608.0,1401.0,1407.0,1750.0,1414.0,782.0,1307.0,1725.0,1292.0,2050.0
2009-12-14,1950.0,1452.0,1700.0,1412.0,1638.0,1195.0,1428.0,1750.0,1513.0,784.0,1339.0,1850.0,1294.0,2075.0
2009-12-21,1950.0,1427.0,1650.0,1426.0,1538.0,1395.0,1460.0,1750.0,1522.0,785.0,1344.0,1850.0,1296.0,2100.0
2009-12-28,1912.0,1228.0,1710.0,1532.0,1540.0,1418.0,1515.0,1750.0,1167.0,787.0,1302.0,1850.0,1298.0,2100.0
2010-01-04,1904.0,1439.0,1700.0,1345.0,1542.0,1397.0,1503.0,1875.0,1387.0,789.0,1428.0,1850.0,1456.0,2100.0
2010-01-11,1875.0,1442.0,1695.0,1563.0,1544.0,1375.0,1545.0,2017.0,1559.0,791.0,1440.0,1925.0,1615.0,2100.0
2010-01-18,1875.0,1384.0,1750.0,1586.0,1546.0,1350.0,1645.0,2064.0,1551.0,793.0,1401.0,2000.0,1525.0,2100.0
2010-01-25,1900.0,1398.0,1925.0,1693.0,1548.0,1262.0,1678.0,2011.0,1498.0,795.0,1446.0,2012.0,1590.0,2020.0
2010-02-01,1950.0,1450.0,1850.0,1685.0,1550.0,1175.0,1598.0,1956.0,1486.0,796.0,1500.0,2025.0,1655.0,1900.0
2010-02-08,1950.0,1501.0,1930.0,1714.0,1550.0,1088.0,1555.0,1942.0,1473.0,798.0,1363.0,2038.0,1560.0,1825.0
2010-02-15,1962.0,1390.0,1900.0,1716.0,1550.0,1000.0,1406.0,1667.0,1361.0,800.0,1301.0,2050.0,1538.0,1812.0
2010-02-22,2000.0,1590.0,1900.0,1609.0,1600.0,1450.0,1487.0,1904.0,1223.0,833.0,1363.0,1988.0,1479.0,1750.0
2010-03-01,2000.0,1350.0,1725.0,1650.0,1583.0,1371.0,1650.0,1850.0,1400.0,867.0,1416.0,1967.0,1420.0,1750.0
2010-03-08,2000.0,1227.0,2004.0,1597.0,1462.0,1292.0,1484.0,1825.0,1356.0,900.0,1282.0,1950.0,1351.0,1800.0
2010-03-15,2000.0,1217.0,2000.0,1601.0,1450.0,1285.0,1448.0,1450.0,1397.0,1461.0,1285.0,1833.0,1363.0,1750.0
2010-03-22,1900.0,1238.0,1900.0,1588.0,1700.0,1200.0,1426.0,1496.0,1283.0,1066.0,1264.0,1800.0,1340.0,1750.0
2010-03-29,1900.0,1350.0,1825.0,1636.0,1375.0,1332.0,1410.0,1542.0,1256.0,670.0,1204.0,1900.0,1281.0,1775.0
2010-04-05,1900.0,1300.0,1900.0,1646.0,2050.0,1231.0,1502.0,1482.0,1316.0,1000.0,1233.0,1867.0,1258.0,1867.0
2010-04-12,1900.0,1380.0,1650.0,1656.0,1417.0,1300.0,1432.0,1559.0,1262.0,1267.0,1223.0,1933.0,1300.0,1783.0
2010-04-19,1900.0,1460.0,1900.0,1593.0,1450.0,1225.0,1388.0,1538.0,1192.0,1533.0,1233.0,1917.0,1547.0,1850.0
2010-04-26,1883.0,1500.0,1900.0,1554.0,1580.0,1150.0,1495.0,1502.0,1279.0,1800.0,1293.0,1925.0,1282.0,1867.0
2010-05-03,1800.0,1437.0,1900.0,1570.0,1925.0,1300.0,1418.0,1472.0,1175.0,1300.0,1171.0,1875.0,1300.0,1875.0
2010-05-10,1800.0,1400.0,2000.0,1570.0,2112.0,1200.0,1395.0,1362.0,1108.0,1317.0,1230.0,1800.0,1300.0,1867.0
2010-05-17,1800.0,1421.0,1900.0,1610.0,2300.0,1225.0,1242.0,1450.0,1164.0,1333.0,1217.0,1900.0,1300.0,1850.0
2010-05-24,1817.0,1394.0,1950.0,1523.0,2175.0,1200.0,1342.0,1603.0,1173.0,1350.0,1200.0,1862.0,1303.0,1817.0
2010-05-31,1900.0,1580.0,1912.0,1477.0,1767.0,1275.0,1237.0,1518.0,1254.0,1275.0,1240.0,1675.0,1306.0,1838.0
2010-06-07,1883.0,1306.0,1875.0,1545.0,1500.0,1233.0,1285.0,1467.0,1258.0,1200.0,1228.0,1850.0,1309.0,1825.0
2010-06-14,1900.0,1293.0,1825.0,1559.0,2750.0,1350.0,1344.0,1508.0,1189.0,2000.0,1275.0,1900.0,1312.0,1850.0
2010-06-21,1900.0,1325.0,1900.0,1545.0,2270.0,1300.0,1287.0,1448.0,1308.0,1525.0,1219.0,1900.0,1300.0,1831.0
2010-06-28,1900.0,1432.0,1900.0,1659.0,1935.0,1275.0,1338.0,1485.0,1252.0,1800.0,1241.0,1900.0,1345.0,1812.0
2010-07-05,1900.0,1324.0,1900.0,1615.0,1600.0,1178.0,1368.0,1484.0,1188.0,1631.0,1247.0,1883.0,1465.0,1800.0
2010-07-12,1940.0,1215.0,1900.0,1472.0,1580.0,1250.0,1328.0,1542.0,1200.0,1462.0,1257.0,1925.0,1335.0,1900.0
2010-07-19,1950.0,1279.0,1900.0,1407.0,1560.0,1254.0,1282.0,1540.0,1220.0,1294.0,1277.0,1917.0,1350.0,1833.0
2010-07-26,1950.0,1170.0,1950.0,1492.0,1540.0,1258.0,1328.0,1496.0,1240.0,1125.0,1288.0,1900.0,1327.0,1862.0
2010-08-02,2000.0,1288.0,1933.0,1441.0,1520.0,1262.0,1323.0,1528.0,1272.0,1188.0,1302.0,1895.0,1356.0,1910.0
2010-08-09,2100.0,1262.0,1917.0,1427.0,1500.0,1125.0,1312.0,1505.0,1196.0,1310.0,1262.0,1900.0,1346.0,1875.0
2010-08-16,2100.0,1248.0,1900.0,1467.0,1500.0,1000.0,1292.0,1408.0,1219.0,1408.0,1337.0,1900.0,1330.0,1900.0
2010-08-23,1967.0,1233.0,1950.0,1470.0,1500.0,1237.0,1298.0,1462.0,1161.0,1506.0,1199.0,1883.0,1343.0,1875.0
2010-08-30,2000.0,1325.0,1950.0,1444.0,1500.0,1308.0,1308.0,1506.0,1283.0,1604.0,1303.0,1888.0,1356.0,1965.0
2010-09-06,2100.0,1350.0,1938.0,1411.0,1450.0,1255.0,1268.0,1550.0,1274.0,1702.0,1380.0,1900.0,1369.0,1950.0
2010-09-13,1800.0,1300.0,1925.0,1420.0,1500.0,1320.0,1235.0,1542.0,1264.0,1800.0,1373.0,1900.0,1382.0,1988.0
2010-09-20,1893.0,1200.0,1938.0,1500.0,1500.0,1335.0,1290.0,1533.0,1255.0,950.0,1226.0,1917.0,1396.0,1950.0
2010-09-27,1940.0,1350.0,1950.0,1442.0,1500.0,1350.0,1293.0,1525.0,1123.0,1550.0,1274.0,2083.0,1409.0,1910.0
2010-10-04,1940.0,1400.0,1985.0,1438.0,1375.0,1350.0,1250.0,1517.0,1236.0,1662.0,1330.0,2100.0,1422.0,1975.0
2010-10-11,1850.0,1450.0,1975.0,1511.0,1483.0,1350.0,1250.0,1508.0,1231.0,1775.0,1294.0,2033.0,1435.0,1900.0
2010-10-18,1850.0,1312.0,2000.0,1481.0,1481.0,1350.0,1238.0,1500.0,1349.0,1888.0,1247.0,1967.0,1345.0,1950.0
2010-10-25,1850.0,1275.0,1950.0,1500.0,1500.0,1350.0,1305.0,1575.0,1141.0,2000.0,1201.0,1900.0,1381.0,1938.0
2010-11-01,1850.0,1320.0,1975.0,1500.0,1485.0,1347.0,1338.0,1650.0,1236.0,1850.0,1190.0,1875.0,1325.0,1675.0
2010-11-08,1850.0,1200.0,1950.0,1501.0,1492.0,1343.0,1250.0,1500.0,1225.0,1900.0,1303.0,2033.0,1396.0,1950.0
2010-11-15,1850.0,1267.0,1950.0,1500.0,1500.0,1340.0,1225.0,1650.0,1268.0,1600.0,1290.0,1966.0,1411.0,2000.0
2010-11-22,1847.0,1300.0,1950.0,1483.0,1448.0,1337.0,1200.0,1661.0,1217.0,1520.0,1276.0,1900.0,1426.0,2000.0
2010-11-29,1843.0,1312.0,1950.0,1556.0,1397.0,1333.0,1262.0,1672.0,1165.0,1440.0,1261.0,2025.0,1442.0,2000.0
2010-12-06,1840.0,1325.0,1550.0,1428.0,1345.0,1330.0,1288.0,1683.0,1114.0,1360.0,1247.0,1920.0,1457.0,2050.0
2010-12-13,1900.0,1302.0,2025.0,1436.0,1293.0,1305.0,1218.0,1690.0,1192.0,1280.0,1187.0,1917.0,1472.0,2133.0
2010-12-20,1900.0,1312.0,1985.0,1328.0,1242.0,1404.0,1200.0,1775.0,1228.0,1600.0,1190.0,2000.0,1362.0,2000.0
2010-12-27,1900.0,1322.0,1950.0,1350.0,1190.0,1503.0,1275.0,1812.0,1090.0,1600.0,1192.0,2050.0,1400.0,2100.0
2011-01-03,1900.0,1317.0,1956.0,1478.0,1197.0,1602.0,1200.0,1600.0,900.0,1600.0,1223.0,2000.0,1450.0,2050.0
2011-01-10,1900.0,1308.0,1962.0,1532.0,1205.0,1702.0,1200.0,1800.0,1056.0,1600.0,1254.0,2075.0,1268.0,2000.0
2011-01-17,1900.0,1300.0,1995.0,1850.0,1212.0,1801.0,1200.0,1850.0,1076.0,1608.0,1285.0,2150.0,1087.0,2000.0
2011-01-24,1983.0,1275.0,1972.0,1878.0,1234.0,1900.0,1224.0,1800.0,1097.0,1617.0,1316.0,2050.0,905.0,2033.0
2011-01-31,2000.0,1300.0,1950.0,1848.0,1255.0,1847.0,1243.0,2200.0,1160.0,1625.0,1240.0,1950.0,1180.0,2016.0
2011-02-07,2000.0,1317.0,1967.0,1819.0,1329.0,1795.0,1262.0,2120.0,1088.0,1633.0,1165.0,2050.0,1454.0,2000.0
2011-02-14,2130.0,1280.0,2000.0,1777.0,1402.0,1742.0,1362.0,2000.0,1239.0,1642.0,1311.0,2000.0,1405.0,2000.0
2011-02-21,1995.0,1300.0,1651.0,1755.0,1476.0,1689.0,1170.0,2000.0,1389.0,1650.0,1292.0,2100.0,1400.0,2000.0
2011-02-28,2080.0,1333.0,1950.0,1642.0,1550.0,1637.0,1318.0,2012.0,1540.0,2000.0,1309.0,1950.0,1470.0,2000.0
2011-03-07,1960.0,1300.0,1900.0,1625.0,1660.0,1584.0,1422.0,1800.0,1562.0,1842.0,1213.0,1925.0,1525.0,2000.0
2011-03-14,1960.0,1300.0,1925.0,1646.0,1770.0,1532.0,1486.0,1800.0,1402.0,1683.0,1251.0,1767.0,1580.0,2000.0
2011-03-21,1983.0,1292.0,1950.0,1667.0,1880.0,1479.0,1550.0,1800.0,1291.0,1650.0,1288.0,1734.0,1513.0,1838.0
2011-03-28,1978.0,1283.0,2000.0,1688.0,1990.0,1426.0,1710.0,1800.0,1481.0,1692.0,1326.0,1700.0,1447.0,2033.0
2011-04-04,2030.0,1275.0,1900.0,1709.0,2100.0,1374.0,1787.0,1800.0,1619.0,1650.0,1363.0,1750.0,1380.0,2083.0
2011-04-11,2027.0,1350.0,1950.0,1730.0,1758.0,1321.0,1929.0,1774.0,1932.0,1681.0,1401.0,1950.0,1385.0,2150.0
2011-04-18,1925.0,1650.0,1630.0,1855.0,1914.0,1336.0,1750.0,1823.0,1947.0,1712.0,1356.0,1883.0,1348.0,2150.0
2011-04-25,1960.0,1562.0,1924.0,1852.0,1700.0,1350.0,2060.0,1912.0,2048.0,1744.0,1285.0,1838.0,1395.0,2150.0
2011-05-02,2005.0,1531.0,1933.0,1868.0,1675.0,1408.0,2070.0,1908.0,1634.0,1775.0,1389.0,1850.0,1382.0,2150.0
2011-05-09,2038.0,1500.0,1850.0,1723.0,1967.0,1379.0,1938.0,1800.0,1541.0,1888.0,1892.0,1850.0,1370.0,2150.0
2011-05-16,1970.0,1383.0,1900.0,1808.0,1662.0,1350.0,1874.0,1774.0,1865.0,2000.0,1254.0,1833.0,1400.0,2150.0
2011-05-23,1965.0,1310.0,1585.0,1841.0,1550.0,1439.0,1766.0,1878.0,1740.0,1600.0,1294.0,1875.0,1327.0,2150.0
2011-05-30,1967.0,1300.0,1950.0,1849.0,1538.0,1528.0,2042.0,1886.0,2067.0,1700.0,1212.0,1850.0,1367.0,2150.0
2011-06-06,1992.0,1300.0,1579.0,1819.0,1650.0,1442.0,1978.0,1842.0,1192.0,1750.0,1468.0,1925.0,1300.0,2150.0
2011-06-13,1970.0,1192.0,1860.0,1827.0,1675.0,1357.0,1857.0,1888.0,1562.0,1800.0,1515.0,1825.0,1432.0,2150.0
2011-06-20,2000.0,1200.0,1925.0,1846.0,2267.0,1150.0,1868.0,1702.0,1392.0,1765.0,1086.0,1883.0,1387.0,2167.0
2011-06-27,1955.0,1110.0,1569.0,1827.0,1667.0,1183.0,1862.0,1517.0,1400.0,1730.0,1386.0,1850.0,1342.0,2177.0
2011-07-04,1825.0,1080.0,1800.0,1826.0,1890.0,1150.0,1530.0,1415.0,1248.0,1695.0,1392.0,1775.0,1331.0,2200.0
2011-07-11,1950.0,1090.0,1800.0,1826.0,1700.0,1228.0,1534.0,1442.0,1401.0,1660.0,1153.0,1833.0,1320.0,2162.0
2011-07-18,1925.0,1080.0,1900.0,1825.0,1758.0,1201.0,1483.0,1400.0,1051.0,1625.0,1379.0,1836.0,1318.0,2112.0
2011-07-25,1960.0,1108.0,1933.0,1812.0,1583.0,1175.0,1467.0,1430.0,1078.0,1712.0,1546.0,1838.0,1312.0,2050.0
2011-08-01,1928.0,1225.0,1633.0,1836.0,1667.0,1150.0,1471.0,1567.0,1105.0,1800.0,1431.0,1862.0,1271.0,2050.0
2011-08-08,1940.0,1075.0,1150.0,1846.0,1680.0,1180.0,1484.0,1450.0,1299.0,1800.0,1469.0,1867.0,1310.0,2008.0
2011-08-15,1905.0,1088.0,1800.0,1769.0,1625.0,1117.0,1579.0,1451.0,1282.0,1800.0,1548.0,1883.0,1328.0,1980.0
2011-08-22,1920.0,1088.0,1800.0,1776.0,2030.0,1182.0,1592.0,1452.0,1265.0,1831.0,1169.0,1850.0,1302.0,1980.0
2011-08-29,1917.0,1120.0,1855.0,1612.0,1680.0,1097.0,1462.0,1300.0,1326.0,1621.0,1219.0,1875.0,1295.0,1971.0
2011-09-05,1900.0,1800.0,1828.0,1647.0,1700.0,1212.0,1372.0,1267.0,1310.0,1410.0,1344.0,1856.0,1283.0,1978.0
2011-09-12,1800.0,1858.0,1800.0,1608.0,1840.0,1130.0,1208.0,1233.0,1329.0,1200.0,1110.0,1838.0,1280.0,1960.0
2011-09-19,1817.0,2420.0,1883.0,1628.0,2350.0,1236.0,1192.0,1200.0,1348.0,1700.0,1437.0,1850.0,1231.0,1935.0
2011-09-26,1813.0,2360.0,1825.0,1638.0,2042.0,1275.0,1396.0,1205.0,1284.0,1610.0,1103.0,1940.0,1221.0,1937.0
2011-10-03,1972.0,2050.0,1200.0,1626.0,2100.0,1170.0,1282.0,1211.0,1220.0,1608.0,1075.0,1900.0,1260.0,1952.0
2011-10-10,1980.0,2300.0,1900.0,1525.0,2000.0,1275.0,1253.0,1216.0,1039.0,1605.0,1180.0,1850.0,1211.0,1950.0
2011-10-17,1852.0,2317.0,1565.0,1490.0,1880.0,1100.0,1290.0,1222.0,1263.0,1602.0,1202.0,1800.0,1162.0,1975.0
2011-10-24,1710.0,2258.0,1800.0,1370.0,1733.0,1120.0,1275.0,1227.0,1304.0,1600.0,1252.0,1850.0,1162.0,1952.0
2011-10-31,1605.0,2200.0,1525.0,1372.0,2100.0,1055.0,1200.0,1233.0,1230.0,1600.0,1557.0,1800.0,1150.0,1900.0
2011-11-07,1547.0,2217.0,1850.0,1490.0,1925.0,1116.0,1125.0,1238.0,1156.0,1700.0,1188.0,1850.0,1160.0,1912.0
2011-11-14,1632.0,2202.0,1200.0,1670.0,2175.0,1040.0,1030.0,1244.0,1141.0,1800.0,1241.0,1825.0,1178.0,1925.0
2011-11-21,1735.0,2200.0,1750.0,1612.0,2217.0,1131.0,1158.0,1249.0,1138.0,1900.0,1044.0,1950.0,1195.0,1848.0
2011-11-28,1700.0,2320.0,1525.0,1606.0,1567.0,1121.0,1020.0,1255.0,1555.0,1880.0,1100.0,1933.0,1175.0,1875.0
2011-12-05,1724.0,1600.0,1825.0,1553.0,1600.0,1085.0,980.0,1260.0,1065.0,1700.0,1209.0,1950.0,1178.0,1795.0
2011-12-12,1740.0,1050.0,1800.0,1614.0,1575.0,1120.0,1140.0,1266.0,1166.0,1810.0,1229.0,1875.0,1215.0,1925.0
2011-12-19,1623.0,1034.0,1850.0,1599.0,1550.0,1108.0,1092.0,1271.0,954.0,1950.0,1093.0,1900.0,1258.0,1708.0
2011-12-26,1463.0,1062.0,1870.0,1609.0,1612.0,1178.0,1280.0,1277.0,1045.0,1950.0,1117.0,2000.0,1197.0,1838.0
2012-01-02,1797.0,1034.0,1890.0,1658.0,1550.0,1391.0,1217.0,1282.0,1150.0,1950.0,1101.0,1975.0,1238.0,1962.0
2012-01-09,1550.0,1324.0,1850.0,1642.0,1575.0,1169.0,1333.0,1288.0,1259.0,1950.0,1318.0,1950.0,1251.0,1950.0
2012-01-16,1662.0,1025.0,1800.0,1644.0,1560.0,1143.0,1162.0,1293.0,1254.0,1950.0,1302.0,1975.0,1272.0,1955.0
2012-01-23,1695.0,2210.0,1484.0,1650.0,1883.0,1268.0,1270.0,1299.0,1250.0,2000.0,1264.0,1983.0,1220.0,1761.0
2012-01-30,1612.0,1669.0,1870.0,1625.0,1700.0,1165.0,1300.0,1304.0,1328.0,1700.0,1227.0,2000.0,1300.0,1925.0
2012-02-06,1842.0,2034.0,1869.0,1583.0,2383.0,975.0,1600.0,1310.0,1336.0,1400.0,1066.0,1967.0,1345.0,2000.0
2012-02-13,1719.0,2011.0,1200.0,1606.0,2027.0,1133.0,1617.0,1315.0,1201.0,1500.0,1036.0,1962.0,1292.0,2000.0
2012-02-20,1842.0,2065.0,1850.0,1575.0,2140.0,1145.0,1840.0,1321.0,1066.0,1600.0,1032.0,1967.0,1325.0,1994.0
2012-02-27,1875.0,1956.0,2000.0,1540.0,2083.0,1112.0,1820.0,1326.0,1419.0,1700.0,1044.0,1950.0,1265.0,1987.0
2012-03-05,1885.0,1915.0,1900.0,1538.0,2021.0,1234.0,1983.0,1332.0,1914.0,1706.0,1595.0,1917.0,1275.0,2025.0
2012-03-12,1668.0,2003.0,1500.0,1567.0,1738.0,1290.0,1860.0,1337.0,1488.0,2000.0,1391.0,1900.0,1380.0,1969.0
2012-03-19,1900.0,1882.0,1850.0,1562.0,1875.0,1299.0,1875.0,1343.0,1929.0,1580.0,1365.0,1925.0,1366.0,1900.0
2012-03-26,2000.0,1802.0,1850.0,1450.0,1820.0,1303.0,1888.0,1348.0,1727.0,1628.0,2222.0,1938.0,1360.0,1875.0
2012-04-02,1990.0,1807.0,1875.0,1500.0,1821.0,1241.0,2117.0,1354.0,1626.0,1675.0,1540.0,1920.0,1325.0,1981.0
2012-04-09,1958.0,1812.0,1862.0,1550.0,1744.0,1456.0,2067.0,1359.0,1642.0,1675.0,1734.0,1900.0,1327.0,2058.0
2012-04-16,1970.0,1813.0,1850.0,1540.0,1669.0,1273.0,2010.0,1365.0,1790.0,1675.0,1366.0,1950.0,1319.0,1969.0
2012-04-23,1887.0,1734.0,1500.0,1620.0,1708.0,1323.0,2010.0,1370.0,1409.0,1725.0,2040.0,2050.0,1347.0,1960.0
2012-04-30,1992.0,1647.0,1675.0,1600.0,1738.0,1330.0,1710.0,1376.0,1481.0,1675.0,1288.0,1950.0,1334.0,1964.0
2012-05-07,2062.0,1665.0,1812.0,1500.0,1750.0,1304.0,1960.0,1381.0,1668.0,1700.0,1730.0,1925.0,1276.0,2000.0
2012-05-14,1938.0,1738.0,1950.0,1456.0,1805.0,1142.0,1930.0,1387.0,1400.0,1725.0,1462.0,1900.0,1373.0,1997.0
2012-05-21,1920.0,1770.0,1200.0,1500.0,1788.0,1248.0,1967.0,1392.0,1579.0,1700.0,1211.0,1983.0,1378.0,1512.0
2012-05-28,1917.0,1777.0,1950.0,1468.0,1800.0,1203.0,1875.0,1398.0,1356.0,1745.0,960.0,1912.0,1405.0,2004.0
2012-06-04,1960.0,1770.0,1950.0,1500.0,1683.0,1438.0,2000.0,1403.0,1159.0,1700.0,1369.0,1939.0,1426.0,2004.0
2012-06-11,2000.0,1762.0,1900.0,1460.0,1690.0,1554.0,1960.0,1409.0,1363.0,1683.0,1420.0,1975.0,1447.0,1992.0
2012-06-18,1970.0,1771.0,1850.0,1508.0,1731.0,1431.0,1499.0,1414.0,1322.0,1667.0,1450.0,1938.0,1467.0,1981.0
2012-06-25,1980.0,1798.0,1950.0,1438.0,1850.0,1261.0,1710.0,1420.0,1342.0,1650.0,1544.0,1938.0,1488.0,1975.0
2012-07-02,1990.0,1828.0,1938.0,1508.0,1700.0,1265.0,1726.0,1425.0,1287.0,1650.0,2157.0,1935.0,1509.0,2006.0
2012-07-09,2000.0,1892.0,1722.0,1525.0,1833.0,1290.0,1667.0,1433.0,1299.0,1650.0,1284.0,1912.0,1530.0,2012.0
2012-07-16,2000.0,1919.0,1506.0,1525.0,1953.0,1340.0,1800.0,1440.0,1311.0,1775.0,1601.0,1917.0,1551.0,2041.0
2012-07-23,2000.0,2066.0,1290.0,1550.0,1967.0,1558.0,1438.0,1448.0,1500.0,1725.0,1942.0,2188.0,1572.0,1992.0
2012-07-30,2100.0,2319.0,1458.0,1652.0,1788.0,1284.0,1867.0,1456.0,1250.0,1692.0,2010.0,2150.0,1592.0,2045.0
2012-08-06,2100.0,2442.0,1625.0,1783.0,2200.0,1306.0,1501.0,1463.0,1609.0,1767.0,1799.0,2100.0,1613.0,2138.0
2012-08-13,2100.0,2450.0,1583.0,1683.0,2317.0,1538.0,1690.0,1471.0,1731.0,1833.0,1289.0,2150.0,1634.0,2156.0
2012-08-20,2100.0,2370.0,1542.0,1525.0,1950.0,1458.0,1667.0,1478.0,1590.0,1900.0,1504.0,2150.0,1655.0,2112.0
2012-08-27,2100.0,2310.0,1500.0,1500.0,1800.0,1377.0,1767.0,1486.0,1316.0,1900.0,1718.0,2300.0,1676.0,2131.0
2012-09-03,2200.0,2206.0,2010.0,1875.0,1833.0,1439.0,1850.0,1494.0,1624.0,1900.0,1684.0,2125.0,1696.0,2115.0
2012-09-10,2200.0,2105.0,2000.0,1810.0,1600.0,1552.0,1753.0,1501.0,1900.0,1900.0,1723.0,2133.0,1717.0,2162.0
2012-09-17,2200.0,2055.0,2007.0,1950.0,1775.0,1367.0,1720.0,1509.0,1709.0,1900.0,1298.0,2367.0,1738.0,2115.0
2012-09-24,2200.0,1927.0,2013.0,1950.0,1862.0,1565.0,1775.0,1517.0,1518.0,1875.0,2239.0,2525.0,1727.0,2058.0
2012-10-01,2200.0,1912.0,2020.0,1825.0,1800.0,1391.0,1600.0,1524.0,1726.0,1850.0,1348.0,1950.0,1715.0,2065.0
2012-10-08,2238.0,1890.0,1780.0,2000.0,1860.0,1442.0,2000.0,1532.0,1691.0,1650.0,1789.0,1900.0,1704.0,2079.0
2012-10-15,2000.0,1840.0,1540.0,1921.0,1800.0,1382.0,1700.0,1539.0,1656.0,1800.0,1460.0,1864.0,1692.0,2131.0
2012-10-22,2000.0,1850.0,1300.0,2035.0,1838.0,1469.0,1730.0,1547.0,1609.0,1825.0,1415.0,1829.0,1681.0,2080.0
2012-10-29,2000.0,1250.0,1334.0,2000.0,1800.0,1325.0,2000.0,1555.0,1968.0,1850.0,1330.0,2052.0,1688.0,2062.0
2012-11-05,2000.0,1754.0,1367.0,1950.0,1980.0,1494.0,1950.0,1562.0,2326.0,1800.0,1679.0,2275.0,1696.0,2150.0
2012-11-12,2000.0,1940.0,1425.0,2025.0,1875.0,1528.0,1700.0,1570.0,2366.0,1900.0,1450.0,2175.0,1703.0,2138.0
2012-11-19,2000.0,1940.0,1482.0,2033.0,1944.0,1594.0,2000.0,1578.0,2406.0,1650.0,1789.0,2200.0,1710.0,2145.0
2012-11-26,2000.0,1955.0,1540.0,1990.0,1920.0,1552.0,2000.0,1585.0,2046.0,1950.0,2050.0,2275.0,1718.0,2133.0
2012-12-03,2067.0,1788.0,1660.0,1982.0,1850.0,1628.0,2033.0,1593.0,1877.0,1950.0,1887.0,2362.0,1725.0,2130.0
2012-12-10,2133.0,1795.0,1673.0,2006.0,1860.0,1558.0,1942.0,1600.0,1946.0,1952.0,1715.0,2500.0,1732.0,2125.0
2012-12-17,2200.0,1801.0,1685.0,2040.0,1690.0,1512.0,1600.0,1608.0,1798.0,1954.0,1775.0,2375.0,1740.0,2130.0
2012-12-24,2300.0,1808.0,1698.0,2051.0,1779.0,1673.0,1750.0,1616.0,1854.0,1956.0,1635.0,2462.0,1747.0,2162.0
2012-12-31,2300.0,1814.0,1711.0,2036.0,1785.0,1548.0,1820.0,1623.0,1660.0,1958.0,1570.0,2550.0,1754.0,2135.0
2013-01-07,2300.0,1821.0,1723.0,2040.0,1762.0,1606.0,1683.0,1631.0,1610.0,1960.0,1721.0,2088.0,1762.0,2128.0
2013-01-14,2225.0,1827.0,1736.0,2072.0,1725.0,1684.0,1638.0,1639.0,1559.0,1962.0,1480.0,2250.0,1769.0,2188.0
2013-01-21,2200.0,1834.0,1749.0,2058.0,1730.0,1525.0,1583.0,1646.0,1509.0,1964.0,1580.0,2450.0,1776.0,2205.0
2013-01-28,2200.0,1840.0,1761.0,2162.0,1825.0,1593.0,1533.0,1654.0,1889.0,1966.0,1550.0,2371.0,1783.0,2125.0
2013-02-04,2200.0,1847.0,1774.0,2125.0,1867.0,1504.0,1833.0,1662.0,2269.0,1968.0,1593.0,2292.0,1791.0,2233.0
2013-02-11,2200.0,1854.0,1787.0,2152.0,1875.0,1650.0,1883.0,1669.0,1869.0,1970.0,1532.0,2350.0,1798.0,2225.0
2013-02-18,2183.0,1860.0,1799.0,2190.0,1906.0,1688.0,1983.0,1677.0,1843.0,1972.0,1758.0,2338.0,1805.0,2232.0
2013-02-25,2160.0,1867.0,1812.0,2230.0,1925.0,1521.0,1850.0,1684.0,1922.0,1974.0,1469.0,2325.0,1813.0,2212.0
2013-03-04,2200.0,1873.0,2100.0,2195.0,1827.0,1699.0,1867.0,1692.0,2212.0,1976.0,1861.0,2312.0,1820.0,2292.0
2013-03-11,2280.0,1880.0,2075.0,2145.0,1762.0,1645.0,1725.0,1700.0,2118.0,1978.0,1522.0,2300.0,1827.0,2367.0
2013-03-18,2300.0,1886.0,2050.0,2175.0,1744.0,1635.0,1933.0,1707.0,2049.0,1980.0,1542.0,2288.0,1835.0,2262.0
2013-03-25,2283.0,1893.0,2020.0,2185.0,1825.0,1736.0,2025.0,1715.0,2093.0,1982.0,1615.0,2300.0,1842.0,2228.0
2013-04-01,2275.0,1899.0,2028.0,2200.0,1862.0,1760.0,1980.0,1723.0,2217.0,1984.0,1990.0,2267.0,1819.0,2225.0
2013-04-08,2300.0,1906.0,2035.0,2122.0,1938.0,1621.0,2117.0,1730.0,1905.0,1986.0,1925.0,2295.0,1870.0,2232.0
2013-04-15,2200.0,1912.0,2042.0,2200.0,1992.0,1477.0,2100.0,1738.0,1888.0,1988.0,2009.0,2322.0,1860.0,2225.0
2013-04-22,2100.0,1919.0,2050.0,2200.0,2067.0,1645.0,2117.0,1745.0,1859.0,1990.0,1291.0,2350.0,1868.0,2270.0
2013-04-29,2238.0,1926.0,2225.0,2195.0,2125.0,1653.0,2125.0,1753.0,1845.0,1992.0,1972.0,2375.0,1875.0,2280.0
2013-05-06,2331.0,1932.0,2100.0,2180.0,2062.0,1338.0,2000.0,1761.0,1853.0,1994.0,1811.0,2400.0,1890.0,2219.0
2013-05-13,2350.0,1939.0,2083.0,2180.0,2000.0,1706.0,1967.0,1768.0,1981.0,1996.0,1570.0,2400.0,1897.0,2206.0
2013-05-20,2288.0,1945.0,2067.0,2175.0,2095.0,1632.0,1850.0,1776.0,1729.0,1998.0,1570.0,2325.0,1904.0,2212.0
2013-05-27,2177.0,1952.0,2050.0,2203.0,1920.0,1606.0,1717.0,1784.0,2056.0,2000.0,1638.0,2500.0,1911.0,2210.0
2013-06-03,2300.0,1958.0,2040.0,2155.0,2058.0,1487.0,1533.0,1791.0,1796.0,2050.0,1650.0,2450.0,1918.0,2275.0
2013-06-10,2400.0,1965.0,2030.0,2201.0,2110.0,1705.0,1700.0,1799.0,1888.0,2000.0,1636.0,2500.0,1922.0,2269.0
2013-06-17,2367.0,1971.0,2030.0,2260.0,2100.0,1701.0,1667.0,1806.0,1562.0,1950.0,1686.0,2450.0,1921.0,2285.0
2013-06-24,2317.0,1978.0,2030.0,2263.0,2096.0,1682.0,1650.0,1814.0,1596.0,2033.0,1680.0,2450.0,1947.0,2305.0
2013-07-01,2200.0,1984.0,1765.0,2283.0,2000.0,1650.0,1680.0,1822.0,1830.0,2000.0,1596.0,2400.0,1947.0,2350.0
2013-07-08,2267.0,1991.0,1500.0,2258.0,2085.0,1612.0,1720.0,1829.0,2314.0,2000.0,1700.0,2500.0,1925.0,2350.0
2013-07-15,2300.0,1998.0,2000.0,2210.0,1945.0,1802.0,1767.0,1837.0,1901.0,2000.0,1705.0,2500.0,1950.0,2300.0
2013-07-22,2307.0,2004.0,2200.0,2241.0,2000.0,1912.0,1800.0,1845.0,1758.0,2000.0,1789.0,2500.0,1962.0,2320.0
2013-07-29,2337.0,2011.0,2000.0,2148.0,1992.0,1300.0,1800.0,1852.0,1913.0,1725.0,1833.0,2483.0,1974.0,2296.0
2013-08-05,2200.0,2017.0,1944.0,2210.0,1900.0,1655.0,1900.0,1860.0,1675.0,1757.0,1919.0,2497.0,1975.0,2250.0
2013-08-12,2217.0,2024.0,1889.0,2237.0,1933.0,1661.0,1880.0,1868.0,1691.0,1788.0,1889.0,2511.0,1960.0,2258.0
2013-08-19,2234.0,2030.0,1833.0,2264.0,1966.0,1667.0,1860.0,1875.0,1706.0,1820.0,1859.0,2524.0,1946.0,2267.0
2013-08-26,2252.0,2037.0,1778.0,2292.0,1998.0,1673.0,1839.0,1883.0,1722.0,1852.0,1829.0,2538.0,1931.0,2275.0
2013-09-02,2269.0,2043.0,1722.0,2319.0,2031.0,1680.0,1819.0,1890.0,1726.0,1883.0,1800.0,2552.0,1917.0,2284.0
2013-09-09,2286.0,2050.0,1667.0,2346.0,2064.0,1686.0,1799.0,1898.0,1692.0,1915.0,1770.0,2566.0,1902.0,2292.0
2013-09-16,2304.0,1983.0,1611.0,2374.0,2096.0,1692.0,1778.0,1906.0,1646.0,1947.0,1740.0,2579.0,1888.0,2300.0
2013-09-23,2321.0,2038.0,1556.0,2401.0,2129.0,1698.0,1758.0,1913.0,1726.0,1978.0,1710.0,2593.0,1873.0,2309.0
2013-09-30,2338.0,1967.0,1500.0,2428.0,2162.0,1704.0,1738.0,1921.0,1891.0,2010.0,1680.0,2607.0,1859.0,2317.0
2013-10-07,2350.0,1581.0,1550.0,2450.0,2200.0,1550.0,1750.0,1929.0,1865.0,2000.0,1679.0,2621.0,1844.0,2312.0
2013-10-14,2349.0,1850.0,1600.0,2446.0,2242.0,1557.0,1749.0,1936.0,1701.0,2036.0,1683.0,2635.0,1830.0,2334.0
2013-10-21,2347.0,1850.0,1650.0,2441.0,2285.0,1564.0,1747.0,1944.0,1680.0,2071.0,1687.0,2648.0,1815.0,2356.0
2013-10-28,2346.0,2130.0,1700.0,2437.0,2327.0,1571.0,1746.0,1951.0,1658.0,2107.0,1691.0,2662.0,1800.0,2378.0
2013-11-04,2345.0,2300.0,1750.0,2432.0,2369.0,1578.0,1745.0,1959.0,1619.0,2143.0,1695.0,2676.0,1786.0,2401.0
2013-11-11,2343.0,2300.0,1800.0,2428.0,2412.0,1585.0,1743.0,1967.0,1610.0,2179.0,1699.0,2690.0,1771.0,2423.0
2013-11-18,2342.0,2305.0,1850.0,2423.0,2454.0,1592.0,1742.0,1974.0,1474.0,2214.0,1703.0,2704.0,1757.0,2445.0
2013-11-25,2341.0,2310.0,1900.0,2419.0,2496.0,1598.0,1741.0,1982.0,1618.0,2250.0,1708.0,2717.0,1742.0,2467.0
2013-12-02,2340.0,2315.0,1950.0,2414.0,2538.0,1605.0,1740.0,1990.0,1526.0,2286.0,1712.0,2731.0,1728.0,2489.0
2013-12-09,2338.0,2320.0,2000.0,2410.0,2581.0,1612.0,1738.0,1997.0,1690.0,2321.0,1716.0,2745.0,1713.0,2511.0
2013-12-16,2337.0,2325.0,2050.0,2405.0,2623.0,1619.0,1737.0,2005.0,1492.0,2357.0,1720.0,2759.0,1699.0,2534.0
2013-12-23,2336.0,2330.0,2100.0,2401.0,2665.0,1626.0,1736.0,2013.0,1654.0,2393.0,1724.0,2772.0,1684.0,2556.0
2013-12-30,2334.0,2700.0,2150.0,2396.0,2708.0,1633.0,1734.0,2020.0,1708.0,2429.0,1728.0,2786.0,1670.0,2578.0
2014-01-06,2333.0,2775.0,2200.0,2392.0,2750.0,1640.0,1733.0,2028.0,1719.0,2464.0,1732.0,2800.0,1655.0,2600.0
2014-01-13,2300.0,2638.0,2475.0,2528.0,2583.0,1635.0,1667.0,2035.0,1730.0,2500.0,1622.0,2900.0,1740.0,2700.0
2014-01-20,2400.0,2394.0,2400.0,2563.0,2200.0,1663.0,1675.0,2043.0,1722.0,2429.0,1526.0,2700.0,1825.0,2725.0
2014-01-27,2542.0,2150.0,2533.0,2317.0,2383.0,1629.0,1767.0,2051.0,1126.0,2357.0,1498.0,2850.0,1887.0,2800.0
2014-02-03,2500.0,2650.0,2605.0,2350.0,2183.0,1652.0,1750.0,2058.0,1796.0,2286.0,1582.0,2990.0,1948.0,2875.0
2014-02-10,2500.0,2558.0,2600.0,2200.0,2200.0,1710.0,1720.0,2066.0,1501.0,2214.0,1462.0,2954.0,2010.0,2967.0
2014-02-17,2650.0,2126.0,2512.0,2570.0,2200.0,1665.0,1660.0,2074.0,1974.0,2143.0,1729.0,2917.0,2032.0,2900.0
2014-02-24,2333.0,2008.0,2359.0,2502.0,2300.0,1652.0,1867.0,2081.0,1940.0,2071.0,1679.0,2900.0,2053.0,2900.0
2014-03-03,2467.0,1983.0,2443.0,2475.0,2175.0,1685.0,1800.0,2089.0,1724.0,2000.0,1510.0,2800.0,2075.0,2900.0
2014-03-10,2458.0,2142.0,2282.0,2433.0,2200.0,1669.0,1900.0,2096.0,1837.0,1983.0,1608.0,2264.0,2005.0,3050.0
2014-03-17,2400.0,1648.0,2294.0,2430.0,2200.0,1629.0,1942.0,2104.0,1936.0,2000.0,1653.0,2700.0,2000.0,3017.0
2014-03-24,2300.0,1988.0,2375.0,2350.0,2217.0,1782.0,1960.0,2112.0,1861.0,1925.0,1621.0,2694.0,2005.0,3050.0
2014-03-31,2200.0,1570.0,2312.0,2085.0,2200.0,1780.0,2000.0,2119.0,1879.0,1800.0,1712.0,2688.0,1790.0,3025.0
2014-04-07,2397.0,2000.0,2400.0,2068.0,2200.0,1637.0,2000.0,2127.0,1793.0,2025.0,1848.0,2733.0,1576.0,3050.0
2014-04-14,2467.0,1768.0,2400.0,2425.0,2200.0,1692.0,2000.0,2135.0,1696.0,1725.0,1954.0,2700.0,2048.0,3000.0
2014-04-21,2525.0,2100.0,2400.0,2400.0,2150.0,1638.0,1933.0,2142.0,1785.0,1983.0,1653.0,2666.0,1862.0,3000.0
2014-04-28,2525.0,1675.0,2400.0,2425.0,2300.0,1648.0,1960.0,2150.0,1749.0,1867.0,1712.0,2633.0,1694.0,2850.0
2014-05-05,2600.0,1550.0,2400.0,2425.0,2433.0,1544.0,2000.0,2157.0,1655.0,1950.0,1693.0,2600.0,1525.0,2700.0
2014-05-12,2540.0,1967.0,2400.0,2380.0,2260.0,1640.0,2033.0,2165.0,1746.0,2000.0,1514.0,2650.0,1466.0,2700.0
2014-05-19,2344.0,2011.0,2400.0,2300.0,2200.0,1703.0,2000.0,2173.0,1743.0,1950.0,1560.0,2653.0,1408.0,2700.0
2014-05-26,2270.0,2056.0,2400.0,2317.0,2220.0,1648.0,1960.0,2180.0,1742.0,2100.0,1601.0,2550.0,1349.0,2700.0
2014-06-02,2367.0,2100.0,2400.0,2380.0,2383.0,1575.0,1920.0,2188.0,1755.0,2300.0,1568.0,2575.0,1290.0,2500.0
2014-06-09,2642.0,1933.0,2400.0,2380.0,2200.0,1620.0,1880.0,2176.0,1667.0,2200.0,1596.0,2600.0,1620.0,2500.0
2014-06-16,2620.0,1750.0,2400.0,2300.0,2525.0,1536.0,1700.0,2163.0,1701.0,2175.0,1470.0,2633.0,1638.0,2500.0
2014-06-23,2700.0,2000.0,2400.0,2310.0,2600.0,1545.0,1720.0,2151.0,1589.0,2150.0,1524.0,2667.0,1655.0,2500.0
2014-06-30,2533.0,2095.0,2380.0,2340.0,2550.0,1545.0,1800.0,2139.0,1648.0,2125.0,1568.0,2700.0,1600.0,2500.0
2014-07-07,2683.0,2387.0,2384.0,2347.0,2767.0,1564.0,1650.0,2127.0,1620.0,2400.0,1458.0,2500.0,1600.0,2500.0
2014-07-14,2730.0,2246.0,2388.0,2354.0,2520.0,1588.0,1900.0,2114.0,1555.0,2150.0,1599.0,2600.0,1600.0,2500.0
2014-07-21,2600.0,2106.0,2400.0,2360.0,2533.0,1562.0,1802.0,2102.0,1589.0,2500.0,1689.0,2625.0,1600.0,2530.0
2014-07-28,2600.0,1966.0,2402.0,2367.0,2400.0,1587.0,1710.0,2090.0,1480.0,2467.0,1599.0,2612.0,1600.0,2500.0
2014-08-04,2700.0,1825.0,2400.0,2327.0,2520.0,1562.0,1705.0,2078.0,1641.0,2600.0,1508.0,2600.0,1602.0,2500.0
2014-08-11,2525.0,2950.0,2387.0,2277.0,2620.0,1565.0,1654.0,2065.0,1665.0,2600.0,1502.0,2600.0,1604.0,2467.0
2014-08-18,2480.0,3163.0,2400.0,2445.0,3040.0,1614.0,1649.0,2053.0,1649.0,2800.0,1516.0,2625.0,1606.0,2500.0
2014-08-25,2350.0,3225.0,2400.0,2388.0,2575.0,1540.0,1624.0,2041.0,1720.0,3000.0,1515.0,2600.0,1608.0,2500.0
2014-09-01,2262.0,3294.0,2400.0,2350.0,2440.0,1592.0,1635.0,2029.0,1628.0,2500.0,1650.0,2750.0,1610.0,2500.0
2014-09-08,2208.0,3364.0,2400.0,2414.0,2200.0,1626.0,1606.0,2016.0,1568.0,3000.0,1640.0,2750.0,1612.0,2500.0
2014-09-15,2220.0,3433.0,2430.0,2517.0,3420.0,1660.0,1615.0,2004.0,1584.0,3090.0,1630.0,2725.0,1615.0,2500.0
2014-09-22,2158.0,2960.0,2460.0,2470.0,2800.0,1694.0,1604.0,1992.0,1624.0,3180.0,1619.0,2750.0,1617.0,2500.0
2014-09-29,2180.0,2788.0,2490.0,2488.0,2460.0,1727.0,1558.0,1979.0,1644.0,3270.0,1609.0,2725.0,1619.0,2500.0
2014-10-06,2200.0,3000.0,2520.0,2500.0,2200.0,1761.0,1564.0,1967.0,1409.0,3360.0,1577.0,2717.0,1621.0,2500.0
2014-10-13,2200.0,2250.0,2550.0,2500.0,2074.0,1795.0,1523.0,1955.0,1648.0,3450.0,1545.0,2708.0,1623.0,2500.0
2014-10-20,2300.0,2617.0,2580.0,2362.0,2200.0,1829.0,1500.0,1943.0,1562.0,3400.0,1514.0,2700.0,1625.0,2500.0
2014-10-27,2294.0,2475.0,2610.0,2550.0,2200.0,1863.0,1510.0,1930.0,1536.0,3350.0,1482.0,2750.0,1627.0,2500.0
2014-11-03,2700.0,2662.0,2640.0,2502.0,2200.0,1897.0,1505.0,1918.0,1586.0,3300.0,1450.0,2700.0,1629.0,2500.0
2014-11-10,2425.0,2709.0,2670.0,2512.0,2200.0,1931.0,1522.0,1906.0,1588.0,3250.0,1478.0,2750.0,1631.0,2500.0
2014-11-17,2500.0,2756.0,2700.0,2470.0,2080.0,1965.0,1540.0,1894.0,1518.0,3125.0,1495.0,2733.0,1633.0,2500.0
2014-11-24,2483.0,2802.0,2475.0,2455.0,2200.0,1998.0,1547.0,1881.0,1640.0,3000.0,1546.0,2758.0,1635.0,2500.0
2014-12-01,2450.0,2849.0,2250.0,2442.0,2200.0,2032.0,1526.0,1869.0,1572.0,3000.0,1458.0,2800.0,1638.0,2500.0
2014-12-08,2450.0,2896.0,2295.0,2425.0,2200.0,2066.0,1489.0,1857.0,1657.0,3000.0,1528.0,2738.0,1640.0,2500.0
2014-12-15,2600.0,2943.0,2340.0,2442.0,2200.0,2100.0,1509.0,1844.0,1510.0,3000.0,1502.0,2600.0,1642.0,2500.0
2014-12-22,2517.0,2989.0,1970.0,2400.0,2200.0,2138.0,1522.0,1832.0,1501.0,3000.0,1460.0,2775.0,1644.0,2500.0
2014-12-29,2600.0,3036.0,1600.0,2420.0,2200.0,2175.0,1550.0,1820.0,1645.0,3000.0,1468.0,2700.0,1646.0,2500.0
2015-01-05,2675.0,3083.0,2320.0,2392.0,2200.0,2212.0,1572.0,1808.0,1621.0,3000.0,1427.0,2850.0,1648.0,2500.0
2015-01-12,2650.0,2612.0,2245.0,2400.0,2410.0,2250.0,1869.0,1795.0,1630.0,3000.0,1493.0,2800.0,1650.0,2500.0
2015-01-19,2660.0,2338.0,1510.0,2350.0,2200.0,1500.0,1564.0,1783.0,1706.0,2000.0,1438.0,2767.0,1655.0,2500.0
2015-01-26,2600.0,2288.0,1450.0,2300.0,2400.0,1450.0,1608.0,1771.0,1519.0,2000.0,1472.0,2733.0,1663.0,2500.0
2015-02-02,2583.0,1850.0,1500.0,2300.0,2200.0,1533.0,1575.0,1759.0,1620.0,2000.0,1427.0,2750.0,1670.0,2500.0
2015-02-09,2575.0,1678.0,1500.0,2300.0,2200.0,1575.0,1634.0,1746.0,1469.0,2250.0,1385.0,2700.0,1678.0,2500.0
2015-02-16,2550.0,2681.0,1500.0,2300.0,2200.0,1700.0,1726.0,1734.0,1436.0,2500.0,1476.0,2710.0,1689.0,2500.0
2015-02-23,2510.0,2850.0,1500.0,2333.0,2300.0,1650.0,1644.0,1722.0,1561.0,2500.0,1473.0,2717.0,1700.0,2500.0
2015-03-02,2542.0,2634.0,1500.0,2300.0,2333.0,1500.0,1667.0,1710.0,1555.0,2500.0,1451.0,2540.0,1740.0,2500.0
2015-03-09,2583.0,2738.0,1500.0,2312.0,2320.0,1510.0,1651.0,1697.0,1595.0,2500.0,1466.0,2362.0,1728.0,2500.0
2015-03-16,2600.0,2908.0,1500.0,2300.0,2320.0,1505.0,1652.0,1685.0,1684.0,2500.0,1507.0,2400.0,1715.0,2530.0
2015-03-23,2500.0,2312.0,1500.0,2300.0,2200.0,1500.0,1674.0,1699.0,1646.0,2500.0,1429.0,2400.0,1705.0,2525.0
2015-03-30,2450.0,2588.0,1500.0,2300.0,2200.0,1562.0,1676.0,1713.0,1655.0,2500.0,1505.0,2638.0,1645.0,2550.0
2015-04-06,2600.0,2900.0,1570.0,2300.0,2200.0,1567.0,1558.0,1727.0,1474.0,2500.0,1311.0,2600.0,1706.0,2550.0
2015-04-13,2580.0,3050.0,1500.0,2220.0,2550.0,1446.0,1466.0,1741.0,1633.0,2500.0,1423.0,2650.0,1560.0,2550.0
2015-04-20,2450.0,3067.0,1565.0,2275.0,2200.0,1420.0,1524.0,1755.0,1498.0,2250.0,1322.0,2783.0,1735.0,2512.0
2015-04-27,2720.0,2800.0,1882.0,2200.0,2888.0,1418.0,1477.0,1770.0,1358.0,2500.0,1348.0,2750.0,1656.0,2550.0
2015-05-04,2667.0,2960.0,2200.0,2200.0,2200.0,1415.0,1574.0,1784.0,1287.0,2500.0,1421.0,2725.0,1577.0,2550.0
2015-05-11,2520.0,3025.0,1967.0,2200.0,2490.0,1308.0,1623.0,1798.0,1360.0,2450.0,1580.0,2700.0,1650.0,2533.0
2015-05-18,2550.0,3040.0,1733.0,2160.0,2850.0,1390.0,1552.0,1812.0,1404.0,2500.0,1507.0,2650.0,1598.0,2575.0
2015-05-25,2633.0,2808.0,1500.0,2150.0,2483.0,1383.0,1618.0,1826.0,1397.0,2538.0,1525.0,2650.0,1500.0,2667.0
2015-06-01,2550.0,3108.0,1550.0,2167.0,2600.0,1388.0,1479.0,1840.0,1458.0,2500.0,1416.0,2600.0,1525.0,2658.0
2015-06-08,2650.0,3242.0,1525.0,2133.0,2617.0,1333.0,1572.0,1829.0,1460.0,2500.0,1502.0,2650.0,1540.0,2667.0
2015-06-15,2650.0,3250.0,1500.0,2240.0,2450.0,1475.0,1527.0,1819.0,1401.0,2500.0,1437.0,2650.0,1555.0,2650.0
2015-06-22,2650.0,3120.0,1580.0,2260.0,2200.0,1450.0,1527.0,1808.0,1423.0,2500.0,1396.0,2625.0,1570.0,2650.0
2015-06-29,2700.0,3100.0,2655.0,2225.0,2400.0,1362.0,1529.0,1797.0,1362.0,2500.0,1562.0,2650.0,1550.0,2690.0
2015-07-06,2900.0,3040.0,1459.0,2271.0,2350.0,1613.0,1542.0,1787.0,1376.0,2650.0,1444.0,2625.0,1570.0,2700.0
2015-07-13,2838.0,3000.0,1951.0,2300.0,2380.0,1466.0,1559.0,1776.0,1502.0,2500.0,1431.0,2717.0,1590.0,2700.0
2015-07-20,2688.0,2975.0,2650.0,2350.0,2200.0,1450.0,1600.0,1765.0,1538.0,2100.0,1517.0,2800.0,1628.0,2688.0
2015-07-27,2700.0,2992.0,2653.0,2366.0,2200.0,1430.0,1614.0,1755.0,1474.0,2300.0,1468.0,2700.0,1665.0,2700.0
2015-08-03,2700.0,3088.0,2657.0,2360.0,2200.0,1470.0,1614.0,1744.0,1000.0,2500.0,1637.0,2650.0,1665.0,2700.0
2015-08-10,2700.0,2633.0,2660.0,2400.0,2200.0,1465.0,1607.0,1733.0,1213.0,2600.0,1502.0,2700.0,1617.0,2700.0
2015-08-17,2740.0,3190.0,2663.0,2350.0,2200.0,1408.0,1609.0,1723.0,1426.0,2350.0,1496.0,2750.0,1568.0,2700.0
2015-08-24,2770.0,3747.0,2666.0,2340.0,2750.0,1350.0,1576.0,1712.0,1474.0,2100.0,1559.0,2800.0,1520.0,2725.0
2015-08-31,2850.0,3820.0,2670.0,2350.0,2200.0,1430.0,1584.0,1702.0,1477.0,2800.0,1496.0,2650.0,1580.0,2750.0
2015-09-07,2867.0,3671.0,2673.0,2475.0,2680.0,1510.0,1513.0,1691.0,1422.0,2851.0,1487.0,2600.0,1620.0,2817.0
2015-09-14,2900.0,3650.0,2676.0,2520.0,2550.0,1455.0,1573.0,1680.0,1490.0,2901.0,1767.0,2650.0,1600.0,2710.0
2015-09-21,2900.0,3391.0,2680.0,2500.0,2300.0,1482.0,1717.0,1670.0,1452.0,2952.0,1514.0,2700.0,1630.0,2700.0
2015-09-28,2900.0,3538.0,2683.0,2538.0,2488.0,1230.0,1536.0,1659.0,1495.0,3000.0,1520.0,2675.0,1380.0,2688.0
2015-10-05,2900.0,3470.0,2686.0,2580.0,3067.0,1308.0,1713.0,1648.0,1492.0,3300.0,1571.0,2800.0,1657.0,2650.0
2015-10-12,2500.0,3420.0,2689.0,2525.0,2300.0,1385.0,1616.0,1638.0,1684.0,3000.0,2071.0,2900.0,1641.0,2700.0
2015-10-19,2583.0,3350.0,2693.0,2583.0,2883.0,1350.0,1631.0,1627.0,1581.0,3100.0,1446.0,2800.0,1626.0,2755.0
2015-10-26,2850.0,3150.0,2696.0,2600.0,2900.0,1405.0,1624.0,1616.0,1546.0,3050.0,1469.0,2725.0,1610.0,2600.0
2015-11-02,2850.0,3280.0,2699.0,2512.0,3100.0,1442.0,1597.0,1606.0,1544.0,3000.0,1585.0,2650.0,1620.0,2700.0
2015-11-09,2880.0,3217.0,2703.0,2500.0,2500.0,1478.0,1591.0,1595.0,1599.0,3000.0,1546.0,2650.0,1600.0,2700.0
2015-11-16,2900.0,2600.0,2706.0,3078.0,2850.0,1514.0,1584.0,1584.0,1586.0,3200.0,1480.0,2650.0,1567.0,2650.0
2015-11-23,2900.0,3740.0,2709.0,2550.0,2500.0,1550.0,1721.0,1574.0,1613.0,3400.0,1491.0,2825.0,1600.0,2712.0
2015-11-30,2900.0,4060.0,2712.0,2400.0,2500.0,1550.0,1642.0,1563.0,1731.0,3269.0,1581.0,2750.0,1622.0,2750.0
2015-12-07,2900.0,4017.0,2716.0,2574.0,2738.0,1550.0,1793.0,1552.0,1741.0,3138.0,1570.0,2800.0,1570.0,2800.0
2015-12-14,2900.0,4012.0,2719.0,2380.0,2300.0,1838.0,1794.0,1542.0,1589.0,3006.0,1496.0,3000.0,1700.0,2883.0
2015-12-21,2900.0,3551.0,2722.0,2360.0,2400.0,2125.0,1809.0,1531.0,1672.0,2875.0,1717.0,2800.0,1715.0,2900.0
2015-12-28,2900.0,3625.0,2726.0,2300.0,2400.0,1562.0,1709.0,1520.0,1593.0,2888.0,1458.0,2600.0,1729.0,2788.0
2016-01-04,2900.0,3738.0,2729.0,2350.0,2500.0,1581.0,1724.0,1510.0,1527.0,2900.0,1642.0,2900.0,1744.0,2650.0
2016-01-11,2900.0,3340.0,2732.0,2367.0,2466.0,1600.0,1724.0,1499.0,1676.0,2912.0,1469.0,2950.0,1758.0,2800.0
2016-01-18,2900.0,2950.0,2735.0,2367.0,2433.0,1500.0,1789.0,1488.0,1529.0,2925.0,1568.0,2875.0,1773.0,2700.0
2016-01-25,2900.0,2842.0,2739.0,2320.0,2600.0,1550.0,1730.0,1478.0,1517.0,2938.0,1512.0,2871.0,1787.0,2650.0
2016-02-01,3000.0,3200.0,2742.0,2280.0,2766.0,1575.0,1776.0,1467.0,1514.0,2950.0,1467.0,2867.0,1802.0,2650.0
2016-02-08,3000.0,2551.0,2745.0,2240.0,2933.0,1600.0,1823.0,1457.0,1512.0,2962.0,1421.0,2862.0,1816.0,2650.0
2016-02-15,2967.0,3030.0,2749.0,2200.0,3100.0,1625.0,1869.0,1446.0,1509.0,2975.0,1376.0,2858.0,1831.0,2650.0
2016-02-22,2900.0,3092.0,2752.0,2200.0,2900.0,1650.0,2122.0,1435.0,1622.0,2988.0,1445.0,2854.0,1845.0,2733.0
2016-02-29,2817.0,2967.0,2755.0,2180.0,2940.0,1850.0,2211.0,1425.0,1706.0,3000.0,1532.0,2850.0,1860.0,2700.0
2016-03-07,2800.0,2876.0,2758.0,2240.0,2650.0,2601.0,1978.0,1414.0,1840.0,3200.0,1379.0,3000.0,1807.0,2100.0
2016-03-14,2760.0,2838.0,2762.0,2225.0,3000.0,1675.0,1967.0,1403.0,1886.0,3200.0,1454.0,2900.0,1847.0,2083.0
2016-03-21,2800.0,2925.0,2765.0,2200.0,2900.0,1411.0,2166.0,1393.0,2065.0,3200.0,1507.0,2688.0,1716.0,2783.0
2016-03-28,2800.0,3033.0,2775.0,2200.0,2900.0,1600.0,2085.0,1382.0,2147.0,3200.0,1482.0,2575.0,1710.0,2900.0
2016-04-04,2850.0,3172.0,2786.0,2175.0,2867.0,2046.0,2002.0,1371.0,1811.0,3000.0,1767.0,2588.0,1820.0,2900.0
2016-04-11,2900.0,3038.0,2796.0,2133.0,2900.0,1823.0,1961.0,1361.0,1947.0,2962.0,1483.0,2600.0,1700.0,2900.0
2016-04-18,2900.0,3057.0,2807.0,2225.0,2950.0,1600.0,2062.0,1350.0,1785.0,2925.0,1455.0,2650.0,1820.0,2750.0
2016-04-25,2825.0,3076.0,2817.0,2200.0,2962.0,1601.0,1838.0,1380.0,2060.0,2888.0,1580.0,2600.0,1790.0,2825.0
2016-05-02,2800.0,3095.0,2827.0,2320.0,2975.0,1602.0,2046.0,1409.0,1932.0,2850.0,1592.0,2600.0,1740.0,2850.0
2016-05-09,2800.0,3150.0,2838.0,2200.0,3000.0,1603.0,2023.0,1439.0,2472.0,3000.0,1880.0,2650.0,1675.0,2900.0
2016-05-16,2800.0,3250.0,2848.0,2233.0,3133.0,1604.0,1853.0,1469.0,1912.0,3050.0,1604.0,2700.0,1805.0,2883.0
2016-05-23,2800.0,3240.0,2858.0,2267.0,3104.0,1605.0,1949.0,1498.0,2000.0,3100.0,1552.0,2725.0,1713.0,2900.0
2016-05-30,2833.0,3333.0,2869.0,2292.0,3050.0,1605.0,1936.0,1528.0,1974.0,3025.0,1475.0,2775.0,1798.0,2900.0
2016-06-06,2797.0,3610.0,2879.0,2200.0,3050.0,1606.0,2160.0,1558.0,2185.0,3100.0,1503.0,2717.0,1800.0,2900.0
2016-06-13,2850.0,3632.0,2890.0,2200.0,3050.0,1607.0,1683.0,1587.0,2018.0,3333.0,1569.0,3000.0,1690.0,2900.0
2016-06-20,2817.0,3620.0,2900.0,2450.0,2958.0,1608.0,1689.0,1617.0,1740.0,3375.0,1556.0,2879.0,1738.0,2838.0
2016-06-27,2800.0,3638.0,2800.0,2225.0,3300.0,1609.0,2502.0,1647.0,1704.0,3300.0,2258.0,2758.0,1690.0,2933.0
2016-07-04,2750.0,3622.0,2392.0,2200.0,3225.0,1610.0,2530.0,1676.0,2256.0,3200.0,1709.0,2800.0,1800.0,2950.0
2016-07-11,2750.0,3640.0,1840.0,2175.0,2800.0,1725.0,1631.0,1706.0,2254.0,3250.0,1946.0,2725.0,1795.0,2925.0
2016-07-18,2750.0,3594.0,2900.0,2350.0,2950.0,1840.0,2404.0,1736.0,2253.0,3350.0,1550.0,2775.0,1790.0,2900.0
2016-07-25,2750.0,3660.0,1850.0,2380.0,3100.0,1800.0,2365.0,1766.0,1708.0,3500.0,1585.0,2825.0,1791.0,2800.0
2016-08-01,2750.0,3600.0,2260.0,2217.0,2700.0,1760.0,2241.0,1795.0,1814.0,3500.0,1507.0,2875.0,1750.0,2675.0
2016-08-08,2750.0,3400.0,1800.0,2220.0,2300.0,1720.0,2213.0,1825.0,1919.0,3500.0,1518.0,2867.0,1804.0,2700.0
2016-08-15,2850.0,3290.0,1788.0,2240.0,2700.0,1680.0,2095.0,1855.0,2379.0,3500.0,1528.0,2900.0,1804.0,2900.0
2016-08-22,2850.0,3200.0,1775.0,2200.0,3100.0,1640.0,2452.0,1884.0,1799.0,3450.0,1506.0,2788.0,1846.0,2833.0
2016-08-29,2850.0,3102.0,2225.0,2200.0,2800.0,1600.0,2338.0,1914.0,1730.0,3500.0,1444.0,2700.0,1805.0,2800.0
2016-09-05,2850.0,2320.0,2038.0,2200.0,2817.0,1630.0,2244.0,1944.0,1611.0,3400.0,1430.0,2700.0,1831.0,2875.0
2016-09-12,2850.0,2992.0,1850.0,2200.0,2833.0,1660.0,2507.0,1973.0,1492.0,3400.0,1444.0,2625.0,1784.0,2850.0
2016-09-19,2850.0,3050.0,2285.0,2200.0,2850.0,1690.0,1882.0,2003.0,2276.0,3300.0,1529.0,2600.0,1970.0,2950.0
2016-09-26,2850.0,3003.0,2399.0,2217.0,3000.0,1720.0,2119.0,2033.0,1945.0,3300.0,1472.0,2692.0,1889.0,3688.0
2016-10-03,2825.0,2600.0,2100.0,2200.0,2950.0,1750.0,2321.0,2062.0,1519.0,3325.0,1527.0,2783.0,1836.0,2900.0
2016-10-10,2800.0,2971.0,1800.0,2200.0,2875.0,1780.0,2493.0,2092.0,2240.0,3300.0,1358.0,2750.0,1850.0,2900.0
2016-10-17,2800.0,2900.0,2322.0,2200.0,2800.0,1810.0,2925.0,2092.0,1714.0,3200.0,1513.0,3000.0,1796.0,2900.0
2016-10-24,2900.0,2700.0,2844.0,2200.0,2720.0,1840.0,2240.0,2092.0,2846.0,3200.0,1546.0,2867.0,1789.0,2900.0
2016-10-31,2950.0,2700.0,2325.0,2200.0,2848.0,1870.0,1616.0,2092.0,2362.0,3200.0,1466.0,2700.0,1850.0,3000.0
2016-11-07,2950.0,2928.0,2489.0,2240.0,2975.0,1900.0,2395.0,2092.0,2164.0,3200.0,1478.0,2900.0,1870.0,2933.0
2016-11-14,3150.0,2800.0,2652.0,2267.0,3100.0,1930.0,2305.0,2092.0,1966.0,3300.0,1450.0,2775.0,1820.0,2980.0
2016-11-21,3070.0,2550.0,2816.0,2220.0,2600.0,1960.0,3210.0,2092.0,1767.0,2860.0,1422.0,2800.0,1835.0,2900.0
2016-11-28,2950.0,2300.0,2980.0,2200.0,2800.0,1990.0,1926.0,2092.0,1569.0,3100.0,1433.0,2900.0,1850.0,2975.0
2016-12-05,2867.0,2770.0,2966.0,2200.0,2700.0,2021.0,2477.0,2092.0,1709.0,3300.0,1582.0,3000.0,2050.0,2960.0
2016-12-12,2850.0,2633.0,2952.0,2180.0,2600.0,2051.0,2274.0,2092.0,2579.0,2580.0,1471.0,2967.0,2500.0,3050.0
2016-12-19,2760.0,2500.0,2939.0,2180.0,2825.0,2081.0,2556.0,2092.0,3356.0,2975.0,1836.0,2833.0,1900.0,3150.0
2016-12-26,2950.0,2460.0,2925.0,2150.0,2667.0,2111.0,2598.0,2092.0,2639.0,2950.0,1470.0,2800.0,1800.0,3100.0
2017-01-02,3167.0,2100.0,2965.0,2170.0,2800.0,2141.0,1881.0,2092.0,2529.0,2650.0,1455.0,3000.0,1800.0,3100.0
2017-01-09,3250.0,2225.0,2995.0,2167.0,2800.0,2171.0,3848.0,2092.0,2706.0,2775.0,1441.0,2900.0,1684.0,3140.0
2017-01-16,3120.0,1734.0,3025.0,2125.0,2650.0,2201.0,3129.0,2092.0,2882.0,2900.0,1426.0,3000.0,1568.0,3017.0
2017-01-23,3033.0,1599.0,3022.0,2133.0,2800.0,2231.0,2580.0,2092.0,3059.0,3100.0,1471.0,2983.0,1900.0,3000.0
2017-01-30,2920.0,1464.0,3019.0,2100.0,2750.0,2261.0,4812.0,2092.0,3236.0,2666.0,1446.0,2967.0,1880.0,3033.0
2017-02-06,2900.0,1400.0,3017.0,2117.0,2800.0,2291.0,2894.0,2092.0,3412.0,2233.0,1421.0,2950.0,2110.0,2990.0
2017-02-13,2840.0,1390.0,3014.0,2180.0,2800.0,2321.0,4369.0,2092.0,3589.0,1900.0,1468.0,3000.0,1585.0,3162.0
2017-02-20,2750.0,1380.0,3011.0,2250.0,2800.0,2351.0,3359.0,2092.0,2929.0,1810.0,1516.0,2534.0,1850.0,3100.0
2017-02-27,2788.0,1786.0,3008.0,2200.0,2675.0,2381.0,3576.0,2092.0,2269.0,2008.0,1912.0,2900.0,1806.0,3225.0
2017-03-06,2800.0,1600.0,3006.0,2217.0,2950.0,2411.0,3490.0,2092.0,1609.0,1725.0,3328.0,2800.0,1763.0,3150.0
2017-03-13,3000.0,1720.0,3003.0,2220.0,3400.0,4012.0,2894.0,2092.0,1749.0,1767.0,1998.0,2875.0,1702.0,2850.0
2017-03-20,2900.0,1887.0,3000.0,2202.0,3400.0,2220.0,3303.0,2092.0,3148.0,1817.0,2089.0,2775.0,1987.0,2900.0
2017-03-27,2867.0,1885.0,2950.0,2283.0,3400.0,2328.0,2807.0,2092.0,2545.0,1884.0,2112.0,2788.0,1675.0,2762.0
2017-04-03,2850.0,1875.0,2900.0,2200.0,3400.0,2435.0,3282.0,2092.0,3079.0,1812.0,2013.0,2800.0,1724.0,2883.0
2017-04-10,2950.0,1980.0,2885.0,2200.0,3400.0,2542.0,2520.0,2092.0,2376.0,2000.0,1663.0,2800.0,1750.0,2733.0
2017-04-17,2930.0,1883.0,2870.0,2200.0,3400.0,2650.0,2830.0,2092.0,2495.0,1800.0,2491.0,2800.0,1680.0,2890.0
2017-04-24,2950.0,1883.0,2855.0,2225.0,3400.0,2638.0,2263.0,2092.0,1668.0,1795.0,1798.0,2800.0,1750.0,2790.0
2017-05-01,3000.0,2117.0,2840.0,2233.0,3400.0,2625.0,2072.0,2092.0,1940.0,1763.0,1675.0,2850.0,1700.0,2800.0
2017-05-08,3000.0,1800.0,2825.0,2225.0,3400.0,2612.0,2214.0,2092.0,3369.0,1732.0,1843.0,2800.0,1650.0,2800.0
2017-05-15,3000.0,1850.0,2810.0,2225.0,2695.0,2600.0,2070.0,2092.0,2811.0,1700.0,1748.0,2700.0,1600.0,2812.0
2017-05-22,2933.0,1675.0,2795.0,2250.0,3400.0,2516.0,1977.0,2092.0,2524.0,1800.0,1745.0,2800.0,1550.0,2900.0
2017-05-29,2767.0,1630.0,2780.0,2200.0,3150.0,2433.0,2398.0,2092.0,2236.0,1900.0,1741.0,2875.0,1724.0,2900.0
2017-06-05,2900.0,1725.0,2765.0,2200.0,3500.0,2349.0,1997.0,2092.0,2158.0,2000.0,1738.0,2950.0,1614.0,2810.0
2017-06-12,2780.0,1663.0,2750.0,2200.0,3500.0,2265.0,1835.0,2092.0,2169.0,1900.0,1734.0,3025.0,1604.0,2810.0
2017-06-19,2700.0,1585.0,2735.0,2200.0,3420.0,2182.0,2214.0,2092.0,2552.0,1800.0,1731.0,2700.0,1595.0,2780.0
2017-06-26,2760.0,1548.0,2900.0,2200.0,3400.0,2098.0,2190.0,2092.0,2283.0,1814.0,1539.0,2550.0,1698.0,2780.0
2017-07-03,2842.0,1552.0,2558.0,2200.0,3400.0,2015.0,2263.0,2092.0,2014.0,1829.0,1632.0,2440.0,1802.0,2790.0
2017-07-10,2800.0,1472.0,2800.0,2230.0,3400.0,1931.0,1756.0,2092.0,2509.0,1843.0,1726.0,2558.0,2555.0,2820.0
2017-07-17,2875.0,1505.0,2817.0,2210.0,3400.0,1847.0,2140.0,2092.0,1529.0,1857.0,1726.0,2675.0,2162.0,2742.0
2017-07-24,2983.0,1533.0,2500.0,2225.0,2528.0,1764.0,1790.0,2092.0,1652.0,1871.0,1726.0,2930.0,1980.0,2800.0
2017-07-31,3100.0,1667.0,2700.0,2200.0,2525.0,1680.0,1300.0,2092.0,1774.0,1886.0,1726.0,2662.0,1958.0,2800.0
2017-08-07,3150.0,1550.0,2738.0,2250.0,1800.0,1862.0,1500.0,2092.0,1896.0,1900.0,1726.0,2720.0,1935.0,2742.0
2017-08-14,3110.0,1607.0,2775.0,2200.0,2333.0,2044.0,1700.0,2092.0,2019.0,1858.0,1725.0,3000.0,1912.0,2745.0
2017-08-21,2950.0,1660.0,2615.0,2200.0,2867.0,2226.0,1900.0,2092.0,2142.0,1815.0,1725.0,3000.0,1890.0,2800.0
2017-08-28,2950.0,1588.0,2630.0,2200.0,3400.0,2408.0,2100.0,2092.0,2264.0,1772.0,1725.0,3067.0,1868.0,2875.0
2017-09-04,2950.0,1574.0,2600.0,2250.0,3400.0,2590.0,2300.0,2092.0,2386.0,1730.0,1725.0,2600.0,1845.0,2775.0
2017-09-11,2550.0,1542.0,2712.0,2460.0,3400.0,2772.0,2135.0,2092.0,2509.0,1688.0,1656.0,2600.0,1889.0,2762.0
2017-09-18,2550.0,1452.0,2825.0,2342.0,3400.0,2954.0,2256.0,2092.0,3307.0,1645.0,1632.0,2840.0,2077.0,2700.0
2017-09-25,2550.0,1506.0,2600.0,2320.0,3400.0,3136.0,3122.0,2092.0,2470.0,1602.0,1743.0,2862.0,2325.0,2840.0
2017-10-02,2550.0,1467.0,2750.0,2317.0,3400.0,3318.0,2613.0,2092.0,2702.0,1560.0,3590.0,2850.0,3196.0,2900.0
2017-10-09,2550.0,1416.0,2900.0,2250.0,2440.0,3500.0,2573.0,2092.0,3459.0,1518.0,2564.0,2733.0,2531.0,2833.0
2017-10-16,2550.0,1294.0,2883.0,2275.0,3375.0,3392.0,2799.0,2092.0,2669.0,1475.0,1689.0,3000.0,2539.0,2860.0
2017-10-23,2550.0,1417.0,2270.0,2200.0,4250.0,3284.0,3890.0,2092.0,3069.0,1483.0,1368.0,3000.0,2598.0,2850.0
2017-10-30,2550.0,1480.0,2385.0,2300.0,3300.0,3176.0,2854.0,2092.0,1717.0,1492.0,4590.0,2800.0,2541.0,2900.0
2017-11-06,2550.0,1345.0,2500.0,2425.0,4250.0,3068.0,2930.0,2092.0,2122.0,1500.0,3066.0,2700.0,2494.0,2900.0
2017-11-13,2550.0,1467.0,3000.0,2317.0,4250.0,2960.0,3244.0,2092.0,2526.0,1450.0,2260.0,2700.0,2254.0,2870.0
2017-11-20,2550.0,1400.0,2428.0,2360.0,4250.0,2852.0,2065.0,2092.0,1701.0,1550.0,1994.0,2600.0,1881.0,2867.0
2017-11-27,2550.0,1542.0,2400.0,2350.0,4250.0,2744.0,2468.0,2092.0,2119.0,2000.0,1530.0,2975.0,1919.0,2880.0
2017-12-04,2750.0,1670.0,2150.0,2340.0,4250.0,2636.0,2431.0,2092.0,2050.0,1712.0,1470.0,2612.0,2083.0,2738.0
2017-12-11,2800.0,1550.0,2575.0,2333.0,4250.0,2528.0,2668.0,2092.0,2154.0,1700.0,1410.0,2667.0,1833.0,2830.0
2017-12-18,2800.0,1510.0,3000.0,2300.0,4250.0,2420.0,1644.0,2092.0,2035.0,1685.0,1349.0,2700.0,1755.0,2792.0
2017-12-25,2800.0,1413.0,2160.0,2300.0,4250.0,2312.0,1865.0,2092.0,1469.0,1655.0,1289.0,2633.0,1834.0,2800.0
2018-01-01,2800.0,1444.0,2800.0,2317.0,2333.0,2204.0,1862.0,2092.0,2709.0,1625.0,1276.0,2600.0,1606.0,2770.0
2018-01-08,2800.0,1360.0,2789.0,2317.0,3025.0,2096.0,2177.0,2092.0,2096.0,1575.0,1264.0,2600.0,1805.0,2800.0
2018-01-15,2800.0,1325.0,2778.0,2350.0,3250.0,1988.0,1663.0,2092.0,1482.0,1700.0,1251.0,2600.0,1754.0,2800.0
2018-01-22,2800.0,1450.0,2767.0,2490.0,4000.0,1880.0,2493.0,2092.0,1927.0,1525.0,1445.0,2600.0,1800.0,2800.0
2018-01-29,2800.0,1450.0,2445.0,2482.0,2875.0,1772.0,2036.0,2092.0,2340.0,1534.0,1639.0,2600.0,1774.0,2800.0
2018-02-05,2800.0,1400.0,2150.0,2275.0,3267.0,2100.0,2492.0,2092.0,2752.0,1544.0,1643.0,2600.0,1780.0,2800.0
2018-02-12,2800.0,1442.0,2600.0,2300.0,4250.0,2069.0,2508.0,2092.0,1675.0,1553.0,1648.0,2675.0,1770.0,2500.0
2018-02-19,2800.0,1363.0,2561.0,2350.0,4050.0,2038.0,2267.0,2092.0,1911.0,1562.0,1652.0,2650.0,1600.0,2788.0
2018-02-26,2800.0,1464.0,2584.0,2217.0,2700.0,2007.0,2152.0,2092.0,1520.0,1575.0,1657.0,2650.0,1940.0,2810.0
2018-03-05,2817.0,1417.0,2607.0,2250.0,3250.0,1748.0,1905.0,2092.0,1510.0,1605.0,1661.0,2650.0,1931.0,2820.0
2018-03-12,2800.0,1538.0,2630.0,2200.0,3250.0,1770.0,1868.0,2092.0,1583.0,1635.0,1439.0,2612.0,1916.0,2833.0
2018-03-19,2800.0,1560.0,2654.0,2200.0,2788.0,2172.0,1877.0,2092.0,1689.0,1665.0,1534.0,2800.0,1941.0,2900.0
2018-03-26,2800.0,1567.0,2677.0,2183.0,2762.0,1935.0,1763.0,2092.0,1675.0,1695.0,1708.0,2700.0,1906.0,2875.0
2018-04-02,2800.0,1600.0,2700.0,2067.0,3250.0,1717.0,1780.0,2092.0,1686.0,1725.0,1479.0,2700.0,1851.0,2800.0
2018-04-09,2800.0,1617.0,2800.0,2117.0,2600.0,1789.0,1783.0,2092.0,1694.0,1750.0,1708.0,2700.0,1807.0,2800.0
2018-04-16,2800.0,1595.0,2130.0,2175.0,3238.0,1892.0,1839.0,2092.0,1787.0,1567.0,1350.0,2675.0,1832.0,2840.0
2018-04-23,2800.0,1595.0,2214.0,2150.0,2269.0,1780.0,1800.0,2092.0,1709.0,1667.0,1410.0,2600.0,1830.0,2820.0
2018-04-30,2800.0,1595.0,2298.0,2125.0,1300.0,1839.0,1760.0,2092.0,1748.0,1712.0,1469.0,2625.0,1829.0,2800.0
2018-05-07,2800.0,1690.0,2382.0,2100.0,3200.0,1712.0,2064.0,2092.0,1599.0,1733.0,1614.0,2650.0,1814.0,2840.0
2018-05-14,2800.0,1621.0,2466.0,2190.0,3200.0,1675.0,1713.0,2092.0,1741.0,1612.0,1562.0,2650.0,1830.0,2875.0
2018-05-21,2800.0,1680.0,2550.0,2140.0,3200.0,1638.0,1767.0,2092.0,1583.0,1651.0,1653.0,2560.0,1844.0,2800.0
2018-05-28,2800.0,1692.0,2634.0,2100.0,2820.0,1728.0,1813.0,2092.0,1556.0,1719.0,1669.0,2630.0,1835.0,2875.0
2018-06-04,2800.0,2022.0,2667.0,2050.0,3500.0,1763.0,1753.0,2092.0,1568.0,1750.0,1657.0,2600.0,1861.0,2900.0
2018-06-11,2700.0,1742.0,2700.0,2033.0,2900.0,1737.0,1767.0,2092.0,1571.0,1748.0,1585.0,2710.0,1870.0,2825.0
2018-06-18,2700.0,1730.0,2734.0,2033.0,3250.0,1750.0,1750.0,2092.0,1615.0,1747.0,1629.0,2740.0,1866.0,2800.0
2018-06-25,2700.0,1720.0,2767.0,2000.0,3250.0,1900.0,1767.0,2092.0,1583.0,1745.0,1667.0,2700.0,1883.0,2800.0
2018-07-02,2700.0,1760.0,2800.0,2020.0,2667.0,1850.0,1776.0,2092.0,1768.0,1743.0,1641.0,2700.0,1880.0,2860.0
2018-07-09,2700.0,1814.0,2834.0,2040.0,3250.0,1850.0,1928.0,2092.0,1883.0,1742.0,1700.0,2625.0,1910.0,2810.0
2018-07-16,2700.0,1770.0,2867.0,2000.0,2740.0,2100.0,1874.0,2092.0,1798.0,1740.0,1690.0,2725.0,1858.0,2950.0
2018-07-23,2700.0,1845.0,2900.0,2000.0,2075.0,1912.0,2159.0,2092.0,1888.0,1800.0,1715.0,2800.0,1989.0,2950.0
2018-07-30,2700.0,1840.0,2775.0,2000.0,3000.0,2000.0,2159.0,2092.0,1809.0,1800.0,2012.0,2600.0,1990.0,2883.0
2018-08-06,2700.0,2275.0,2650.0,2000.0,2517.0,2063.0,2083.0,2092.0,1872.0,1771.0,1949.0,2700.0,2041.0,2817.0
2018-08-13,2700.0,2038.0,2525.0,2000.0,3000.0,1982.0,2139.0,2092.0,2080.0,1742.0,1820.0,3080.0,1996.0,2975.0
2018-08-20,2700.0,2050.0,2400.0,2000.0,3250.0,1900.0,2053.0,2092.0,2088.0,1725.0,1732.0,3000.0,2055.0,3075.0
2018-08-27,2700.0,1975.0,2950.0,2075.0,3250.0,1400.0,1998.0,2092.0,1696.0,1700.0,1846.0,3000.0,2105.0,3088.0
2018-09-03,2700.0,1850.0,2905.0,2000.0,1975.0,1575.0,1911.0,2092.0,1969.0,1750.0,1756.0,2962.0,2096.0,3070.0
2018-09-10,2700.0,1840.0,2884.0,2020.0,2525.0,1750.0,1978.0,2092.0,1729.0,1700.0,1779.0,2850.0,2072.0,3010.0
2018-09-17,2700.0,1762.0,2863.0,2000.0,2206.0,1925.0,2022.0,2092.0,1769.0,1650.0,1768.0,2850.0,2214.0,3120.0
2018-09-24,2700.0,1810.0,2842.0,2000.0,2400.0,2012.0,1964.0,2092.0,1740.0,1750.0,1722.0,2825.0,2102.0,3010.0
2018-10-01,2700.0,1860.0,2821.0,2017.0,2800.0,2100.0,1969.0,2092.0,1768.0,2100.0,1769.0,2800.0,2120.0,3070.0
2018-10-08,2738.0,1830.0,2800.0,2560.0,2800.0,2052.0,2028.0,2092.0,1788.0,1600.0,1727.0,2700.0,2128.0,3150.0
2018-10-15,2750.0,1838.0,3200.0,2600.0,2800.0,2005.0,1957.0,2092.0,1742.0,1742.0,1749.0,2838.0,1899.0,3170.0
2018-10-22,2750.0,1912.0,3154.0,2567.0,2950.0,1948.0,1717.0,2092.0,1877.0,1771.0,1784.0,2975.0,2223.0,3133.0
2018-10-29,2750.0,2060.0,3107.0,2380.0,2584.0,1891.0,1990.0,2092.0,1799.0,1800.0,1897.0,2414.0,2192.0,3088.0
2018-11-05,2750.0,2150.0,3060.0,2600.0,2833.0,1834.0,1957.0,2092.0,1724.0,2000.0,1976.0,2900.0,2160.0,3088.0
2018-11-12,2750.0,2183.0,3014.0,2550.0,2942.0,1778.0,2064.0,2092.0,2490.0,2300.0,1938.0,2900.0,2100.0,3150.0
2018-11-19,2750.0,2950.0,2968.0,2567.0,3050.0,1721.0,2011.0,2092.0,1717.0,2500.0,1901.0,3075.0,2107.0,3100.0
2018-11-26,2750.0,2850.0,2921.0,2550.0,3200.0,1664.0,2114.0,2092.0,1609.0,2500.0,1928.0,2950.0,2217.0,3025.0
2018-12-03,2750.0,2750.0,3000.0,2567.0,2967.0,1607.0,2349.0,2092.0,2207.0,2408.0,1954.0,2900.0,2223.0,2983.0
2018-12-10,2750.0,2400.0,2821.0,2580.0,3200.0,1550.0,2234.0,2092.0,2052.0,2400.0,2048.0,2900.0,1957.0,3030.0
2018-12-17,2750.0,2450.0,2750.0,2550.0,3088.0,1450.0,2400.0,2092.0,2264.0,2400.0,2142.0,2975.0,2150.0,3062.0
2018-12-24,2750.0,2433.0,2486.0,2600.0,2975.0,1511.0,2399.0,2092.0,2112.0,2375.0,2081.0,2950.0,2132.0,3062.0
2018-12-31,2750.0,2325.0,2865.0,2500.0,2688.0,1572.0,2298.0,2092.0,2140.0,2350.0,2100.0,2950.0,2259.0,2900.0
2019-01-07,2750.0,2224.0,2754.0,2500.0,2400.0,1633.0,2254.0,2092.0,2054.0,2500.0,2119.0,3000.0,2387.0,3080.0
2019-01-14,2750.0,2124.0,2776.0,2500.0,2400.0,1694.0,2256.0,2092.0,2122.0,2200.0,1946.0,2950.0,2318.0,3025.0
2019-01-21,2750.0,2150.0,2798.0,2500.0,2400.0,1756.0,2255.0,2092.0,1782.0,2362.0,1940.0,2950.0,2215.0,3030.0
2019-01-28,2750.0,2135.0,2760.0,2500.0,2400.0,1817.0,2085.0,2092.0,1935.0,2300.0,1961.0,2983.0,2284.0,3125.0
2019-02-04,2750.0,2143.0,2752.0,2560.0,2460.0,1878.0,2234.0,2092.0,1826.0,2500.0,1982.0,2925.0,2270.0,3020.0
2019-02-11,2750.0,2059.0,2780.0,2550.0,2430.0,1939.0,2299.0,2092.0,1871.0,2500.0,2405.0,2962.0,2193.0,3100.0
2019-02-18,2750.0,2006.0,2808.0,2600.0,2400.0,2000.0,2338.0,2092.0,1868.0,2500.0,2122.0,3000.0,2172.0,3025.0
2019-02-25,2750.0,2150.0,2761.0,2600.0,3300.0,1721.0,2379.0,2092.0,2255.0,2500.0,2549.0,2950.0,2154.0,3050.0
2019-03-04,2750.0,2060.0,2714.0,2560.0,2350.0,2176.0,2321.0,2092.0,2029.0,2500.0,2448.0,2950.0,2207.0,3200.0
2019-03-11,2750.0,2075.0,2418.0,2525.0,4250.0,2037.0,2287.0,2092.0,1937.0,2500.0,2348.0,3150.0,2179.0,2940.0
2019-03-18,2750.0,2392.0,2698.0,2600.0,3700.0,2001.0,2300.0,2092.0,2043.0,2500.0,2324.0,2750.0,2207.0,2850.0
2019-03-25,2750.0,2660.0,2341.0,2600.0,3150.0,2300.0,2317.0,2092.0,2470.0,2500.0,2309.0,2750.0,2215.0,2880.0
2019-04-01,2750.0,3033.0,2433.0,2600.0,3200.0,2169.0,2413.0,2092.0,2149.0,2500.0,2010.0,2750.0,2238.0,3100.0
2019-04-08,2750.0,3000.0,2524.0,2600.0,3000.0,2172.0,2386.0,2092.0,2179.0,2500.0,2165.0,2733.0,2271.0,2850.0
2019-04-15,2750.0,2700.0,2616.0,2580.0,2900.0,2175.0,2355.0,2092.0,2292.0,2500.0,2144.0,2700.0,2273.0,2856.0
2019-04-22,2750.0,3000.0,2616.0,2600.0,2800.0,2376.0,2374.0,2092.0,3229.0,2500.0,2144.0,2700.0,2273.0,2825.0
